[0.160s] DEBUG:colcon:Command line arguments: ['/usr/bin/colcon', 'build', '--packages-select', 'mujoco_ros2']
[0.160s] DEBUG:colcon:Parsed command line arguments: Namespace(log_base=None, log_level=None, verb_name='build', build_base='build', install_base='install', merge_install=False, symlink_install=False, test_result_base=None, continue_on_error=False, executor='parallel', parallel_workers=12, event_handlers=None, ignore_user_meta=False, metas=['./colcon.meta'], base_paths=['.'], packages_ignore=None, packages_ignore_regex=None, paths=None, packages_up_to=None, packages_up_to_regex=None, packages_above=None, packages_above_and_dependencies=None, packages_above_depth=None, packages_select_by_dep=None, packages_skip_by_dep=None, packages_skip_up_to=None, packages_select_build_failed=False, packages_skip_build_finished=False, packages_select_test_failures=False, packages_skip_test_passed=False, packages_select=['mujoco_ros2'], packages_skip=None, packages_select_regex=None, packages_skip_regex=None, packages_start=None, packages_end=None, allow_overriding=[], cmake_args=None, cmake_target=None, cmake_target_skip_unavailable=False, cmake_clean_cache=False, cmake_clean_first=False, cmake_force_configure=False, ament_cmake_args=None, catkin_cmake_args=None, catkin_skip_building_tests=False, verb_parser=<colcon_defaults.argument_parser.defaults.DefaultArgumentsDecorator object at 0x707d34660370>, verb_extension=<colcon_core.verb.build.BuildVerb object at 0x707d34623df0>, main=<bound method BuildVerb.main of <colcon_core.verb.build.BuildVerb object at 0x707d34623df0>>)
[0.361s] Level 1:colcon.colcon_core.package_discovery:discover_packages(colcon_meta) check parameters
[0.361s] Level 1:colcon.colcon_core.package_discovery:discover_packages(recursive) check parameters
[0.361s] Level 1:colcon.colcon_core.package_discovery:discover_packages(ignore) check parameters
[0.361s] Level 1:colcon.colcon_core.package_discovery:discover_packages(path) check parameters
[0.361s] Level 1:colcon.colcon_core.package_discovery:discover_packages(colcon_meta) discover
[0.361s] Level 1:colcon.colcon_core.package_discovery:discover_packages(recursive) discover
[0.361s] INFO:colcon.colcon_core.package_discovery:Crawling recursively for packages in '/home/ali/Desktop/Ali engineering/GUC/Semester 10/Robotics/Robotics_project'
[0.362s] Level 1:colcon.colcon_core.package_identification:_identify(.) by extensions ['ignore', 'ignore_ament_install']
[0.362s] Level 1:colcon.colcon_core.package_identification:_identify(.) by extension 'ignore'
[0.362s] Level 1:colcon.colcon_core.package_identification:_identify(.) by extension 'ignore_ament_install'
[0.362s] Level 1:colcon.colcon_core.package_identification:_identify(.) by extensions ['colcon_pkg']
[0.362s] Level 1:colcon.colcon_core.package_identification:_identify(.) by extension 'colcon_pkg'
[0.362s] Level 1:colcon.colcon_core.package_identification:_identify(.) by extensions ['colcon_meta']
[0.362s] Level 1:colcon.colcon_core.package_identification:_identify(.) by extension 'colcon_meta'
[0.362s] Level 1:colcon.colcon_core.package_identification:_identify(.) by extensions ['ros']
[0.362s] Level 1:colcon.colcon_core.package_identification:_identify(.) by extension 'ros'
[0.381s] Level 1:colcon.colcon_core.package_identification:_identify(.) by extensions ['cmake', 'python']
[0.381s] Level 1:colcon.colcon_core.package_identification:_identify(.) by extension 'cmake'
[0.381s] Level 1:colcon.colcon_core.package_identification:_identify(.) by extension 'python'
[0.381s] Level 1:colcon.colcon_core.package_identification:_identify(.) by extensions ['python_setup_py']
[0.381s] Level 1:colcon.colcon_core.package_identification:_identify(.) by extension 'python_setup_py'
[0.381s] Level 1:colcon.colcon_core.package_identification:_identify(Milestone01) by extensions ['ignore', 'ignore_ament_install']
[0.382s] Level 1:colcon.colcon_core.package_identification:_identify(Milestone01) by extension 'ignore'
[0.382s] Level 1:colcon.colcon_core.package_identification:_identify(Milestone01) by extension 'ignore_ament_install'
[0.382s] Level 1:colcon.colcon_core.package_identification:_identify(Milestone01) by extensions ['colcon_pkg']
[0.382s] Level 1:colcon.colcon_core.package_identification:_identify(Milestone01) by extension 'colcon_pkg'
[0.382s] Level 1:colcon.colcon_core.package_identification:_identify(Milestone01) by extensions ['colcon_meta']
[0.382s] Level 1:colcon.colcon_core.package_identification:_identify(Milestone01) by extension 'colcon_meta'
[0.382s] Level 1:colcon.colcon_core.package_identification:_identify(Milestone01) by extensions ['ros']
[0.382s] Level 1:colcon.colcon_core.package_identification:_identify(Milestone01) by extension 'ros'
[0.382s] Level 1:colcon.colcon_core.package_identification:_identify(Milestone01) by extensions ['cmake', 'python']
[0.382s] Level 1:colcon.colcon_core.package_identification:_identify(Milestone01) by extension 'cmake'
[0.382s] Level 1:colcon.colcon_core.package_identification:_identify(Milestone01) by extension 'python'
[0.382s] Level 1:colcon.colcon_core.package_identification:_identify(Milestone01) by extensions ['python_setup_py']
[0.382s] Level 1:colcon.colcon_core.package_identification:_identify(Milestone01) by extension 'python_setup_py'
[0.382s] Level 1:colcon.colcon_core.package_identification:_identify(Milestone01/CAD_models) by extensions ['ignore', 'ignore_ament_install']
[0.382s] Level 1:colcon.colcon_core.package_identification:_identify(Milestone01/CAD_models) by extension 'ignore'
[0.383s] Level 1:colcon.colcon_core.package_identification:_identify(Milestone01/CAD_models) by extension 'ignore_ament_install'
[0.383s] Level 1:colcon.colcon_core.package_identification:_identify(Milestone01/CAD_models) by extensions ['colcon_pkg']
[0.383s] Level 1:colcon.colcon_core.package_identification:_identify(Milestone01/CAD_models) by extension 'colcon_pkg'
[0.383s] Level 1:colcon.colcon_core.package_identification:_identify(Milestone01/CAD_models) by extensions ['colcon_meta']
[0.383s] Level 1:colcon.colcon_core.package_identification:_identify(Milestone01/CAD_models) by extension 'colcon_meta'
[0.383s] Level 1:colcon.colcon_core.package_identification:_identify(Milestone01/CAD_models) by extensions ['ros']
[0.383s] Level 1:colcon.colcon_core.package_identification:_identify(Milestone01/CAD_models) by extension 'ros'
[0.383s] Level 1:colcon.colcon_core.package_identification:_identify(Milestone01/CAD_models) by extensions ['cmake', 'python']
[0.383s] Level 1:colcon.colcon_core.package_identification:_identify(Milestone01/CAD_models) by extension 'cmake'
[0.383s] Level 1:colcon.colcon_core.package_identification:_identify(Milestone01/CAD_models) by extension 'python'
[0.383s] Level 1:colcon.colcon_core.package_identification:_identify(Milestone01/CAD_models) by extensions ['python_setup_py']
[0.383s] Level 1:colcon.colcon_core.package_identification:_identify(Milestone01/CAD_models) by extension 'python_setup_py'
[0.383s] Level 1:colcon.colcon_core.package_identification:_identify(Milestone02) by extensions ['ignore', 'ignore_ament_install']
[0.383s] Level 1:colcon.colcon_core.package_identification:_identify(Milestone02) by extension 'ignore'
[0.383s] Level 1:colcon.colcon_core.package_identification:_identify(Milestone02) by extension 'ignore_ament_install'
[0.383s] Level 1:colcon.colcon_core.package_identification:_identify(Milestone02) by extensions ['colcon_pkg']
[0.383s] Level 1:colcon.colcon_core.package_identification:_identify(Milestone02) by extension 'colcon_pkg'
[0.383s] Level 1:colcon.colcon_core.package_identification:_identify(Milestone02) by extensions ['colcon_meta']
[0.384s] Level 1:colcon.colcon_core.package_identification:_identify(Milestone02) by extension 'colcon_meta'
[0.384s] Level 1:colcon.colcon_core.package_identification:_identify(Milestone02) by extensions ['ros']
[0.384s] Level 1:colcon.colcon_core.package_identification:_identify(Milestone02) by extension 'ros'
[0.384s] Level 1:colcon.colcon_core.package_identification:_identify(Milestone02) by extensions ['cmake', 'python']
[0.384s] Level 1:colcon.colcon_core.package_identification:_identify(Milestone02) by extension 'cmake'
[0.384s] Level 1:colcon.colcon_core.package_identification:_identify(Milestone02) by extension 'python'
[0.384s] Level 1:colcon.colcon_core.package_identification:_identify(Milestone02) by extensions ['python_setup_py']
[0.384s] Level 1:colcon.colcon_core.package_identification:_identify(Milestone02) by extension 'python_setup_py'
[0.384s] Level 1:colcon.colcon_core.package_identification:_identify(Milestone02/codes) by extensions ['ignore', 'ignore_ament_install']
[0.384s] Level 1:colcon.colcon_core.package_identification:_identify(Milestone02/codes) by extension 'ignore'
[0.384s] Level 1:colcon.colcon_core.package_identification:_identify(Milestone02/codes) by extension 'ignore_ament_install'
[0.384s] Level 1:colcon.colcon_core.package_identification:_identify(Milestone02/codes) by extensions ['colcon_pkg']
[0.384s] Level 1:colcon.colcon_core.package_identification:_identify(Milestone02/codes) by extension 'colcon_pkg'
[0.384s] Level 1:colcon.colcon_core.package_identification:_identify(Milestone02/codes) by extensions ['colcon_meta']
[0.384s] Level 1:colcon.colcon_core.package_identification:_identify(Milestone02/codes) by extension 'colcon_meta'
[0.384s] Level 1:colcon.colcon_core.package_identification:_identify(Milestone02/codes) by extensions ['ros']
[0.384s] Level 1:colcon.colcon_core.package_identification:_identify(Milestone02/codes) by extension 'ros'
[0.384s] Level 1:colcon.colcon_core.package_identification:_identify(Milestone02/codes) by extensions ['cmake', 'python']
[0.384s] Level 1:colcon.colcon_core.package_identification:_identify(Milestone02/codes) by extension 'cmake'
[0.384s] Level 1:colcon.colcon_core.package_identification:_identify(Milestone02/codes) by extension 'python'
[0.384s] Level 1:colcon.colcon_core.package_identification:_identify(Milestone02/codes) by extensions ['python_setup_py']
[0.384s] Level 1:colcon.colcon_core.package_identification:_identify(Milestone02/codes) by extension 'python_setup_py'
[0.384s] Level 1:colcon.colcon_core.package_identification:_identify(Milestone02/report) by extensions ['ignore', 'ignore_ament_install']
[0.385s] Level 1:colcon.colcon_core.package_identification:_identify(Milestone02/report) by extension 'ignore'
[0.385s] Level 1:colcon.colcon_core.package_identification:_identify(Milestone02/report) by extension 'ignore_ament_install'
[0.385s] Level 1:colcon.colcon_core.package_identification:_identify(Milestone02/report) by extensions ['colcon_pkg']
[0.385s] Level 1:colcon.colcon_core.package_identification:_identify(Milestone02/report) by extension 'colcon_pkg'
[0.385s] Level 1:colcon.colcon_core.package_identification:_identify(Milestone02/report) by extensions ['colcon_meta']
[0.385s] Level 1:colcon.colcon_core.package_identification:_identify(Milestone02/report) by extension 'colcon_meta'
[0.385s] Level 1:colcon.colcon_core.package_identification:_identify(Milestone02/report) by extensions ['ros']
[0.385s] Level 1:colcon.colcon_core.package_identification:_identify(Milestone02/report) by extension 'ros'
[0.385s] Level 1:colcon.colcon_core.package_identification:_identify(Milestone02/report) by extensions ['cmake', 'python']
[0.385s] Level 1:colcon.colcon_core.package_identification:_identify(Milestone02/report) by extension 'cmake'
[0.385s] Level 1:colcon.colcon_core.package_identification:_identify(Milestone02/report) by extension 'python'
[0.385s] Level 1:colcon.colcon_core.package_identification:_identify(Milestone02/report) by extensions ['python_setup_py']
[0.385s] Level 1:colcon.colcon_core.package_identification:_identify(Milestone02/report) by extension 'python_setup_py'
[0.385s] Level 1:colcon.colcon_core.package_identification:_identify(Milestone02/video) by extensions ['ignore', 'ignore_ament_install']
[0.385s] Level 1:colcon.colcon_core.package_identification:_identify(Milestone02/video) by extension 'ignore'
[0.385s] Level 1:colcon.colcon_core.package_identification:_identify(Milestone02/video) by extension 'ignore_ament_install'
[0.385s] Level 1:colcon.colcon_core.package_identification:_identify(Milestone02/video) by extensions ['colcon_pkg']
[0.385s] Level 1:colcon.colcon_core.package_identification:_identify(Milestone02/video) by extension 'colcon_pkg'
[0.385s] Level 1:colcon.colcon_core.package_identification:_identify(Milestone02/video) by extensions ['colcon_meta']
[0.385s] Level 1:colcon.colcon_core.package_identification:_identify(Milestone02/video) by extension 'colcon_meta'
[0.385s] Level 1:colcon.colcon_core.package_identification:_identify(Milestone02/video) by extensions ['ros']
[0.385s] Level 1:colcon.colcon_core.package_identification:_identify(Milestone02/video) by extension 'ros'
[0.386s] Level 1:colcon.colcon_core.package_identification:_identify(Milestone02/video) by extensions ['cmake', 'python']
[0.386s] Level 1:colcon.colcon_core.package_identification:_identify(Milestone02/video) by extension 'cmake'
[0.386s] Level 1:colcon.colcon_core.package_identification:_identify(Milestone02/video) by extension 'python'
[0.386s] Level 1:colcon.colcon_core.package_identification:_identify(Milestone02/video) by extensions ['python_setup_py']
[0.386s] Level 1:colcon.colcon_core.package_identification:_identify(Milestone02/video) by extension 'python_setup_py'
[0.386s] Level 1:colcon.colcon_core.package_identification:_identify(Milestone03) by extensions ['ignore', 'ignore_ament_install']
[0.386s] Level 1:colcon.colcon_core.package_identification:_identify(Milestone03) by extension 'ignore'
[0.386s] Level 1:colcon.colcon_core.package_identification:_identify(Milestone03) by extension 'ignore_ament_install'
[0.386s] Level 1:colcon.colcon_core.package_identification:_identify(Milestone03) by extensions ['colcon_pkg']
[0.386s] Level 1:colcon.colcon_core.package_identification:_identify(Milestone03) by extension 'colcon_pkg'
[0.386s] Level 1:colcon.colcon_core.package_identification:_identify(Milestone03) by extensions ['colcon_meta']
[0.386s] Level 1:colcon.colcon_core.package_identification:_identify(Milestone03) by extension 'colcon_meta'
[0.386s] Level 1:colcon.colcon_core.package_identification:_identify(Milestone03) by extensions ['ros']
[0.386s] Level 1:colcon.colcon_core.package_identification:_identify(Milestone03) by extension 'ros'
[0.386s] Level 1:colcon.colcon_core.package_identification:_identify(Milestone03) by extensions ['cmake', 'python']
[0.386s] Level 1:colcon.colcon_core.package_identification:_identify(Milestone03) by extension 'cmake'
[0.386s] Level 1:colcon.colcon_core.package_identification:_identify(Milestone03) by extension 'python'
[0.386s] Level 1:colcon.colcon_core.package_identification:_identify(Milestone03) by extensions ['python_setup_py']
[0.386s] Level 1:colcon.colcon_core.package_identification:_identify(Milestone03) by extension 'python_setup_py'
[0.386s] Level 1:colcon.colcon_core.package_identification:_identify(Milestone03/codes) by extensions ['ignore', 'ignore_ament_install']
[0.386s] Level 1:colcon.colcon_core.package_identification:_identify(Milestone03/codes) by extension 'ignore'
[0.386s] Level 1:colcon.colcon_core.package_identification:_identify(Milestone03/codes) by extension 'ignore_ament_install'
[0.386s] Level 1:colcon.colcon_core.package_identification:_identify(Milestone03/codes) by extensions ['colcon_pkg']
[0.386s] Level 1:colcon.colcon_core.package_identification:_identify(Milestone03/codes) by extension 'colcon_pkg'
[0.386s] Level 1:colcon.colcon_core.package_identification:_identify(Milestone03/codes) by extensions ['colcon_meta']
[0.387s] Level 1:colcon.colcon_core.package_identification:_identify(Milestone03/codes) by extension 'colcon_meta'
[0.387s] Level 1:colcon.colcon_core.package_identification:_identify(Milestone03/codes) by extensions ['ros']
[0.387s] Level 1:colcon.colcon_core.package_identification:_identify(Milestone03/codes) by extension 'ros'
[0.387s] Level 1:colcon.colcon_core.package_identification:_identify(Milestone03/codes) by extensions ['cmake', 'python']
[0.387s] Level 1:colcon.colcon_core.package_identification:_identify(Milestone03/codes) by extension 'cmake'
[0.387s] Level 1:colcon.colcon_core.package_identification:_identify(Milestone03/codes) by extension 'python'
[0.387s] Level 1:colcon.colcon_core.package_identification:_identify(Milestone03/codes) by extensions ['python_setup_py']
[0.387s] Level 1:colcon.colcon_core.package_identification:_identify(Milestone03/codes) by extension 'python_setup_py'
[0.387s] Level 1:colcon.colcon_core.package_identification:_identify(Milestone03/codes/__pycache__) by extensions ['ignore', 'ignore_ament_install']
[0.387s] Level 1:colcon.colcon_core.package_identification:_identify(Milestone03/codes/__pycache__) by extension 'ignore'
[0.387s] Level 1:colcon.colcon_core.package_identification:_identify(Milestone03/codes/__pycache__) by extension 'ignore_ament_install'
[0.387s] Level 1:colcon.colcon_core.package_identification:_identify(Milestone03/codes/__pycache__) by extensions ['colcon_pkg']
[0.387s] Level 1:colcon.colcon_core.package_identification:_identify(Milestone03/codes/__pycache__) by extension 'colcon_pkg'
[0.387s] Level 1:colcon.colcon_core.package_identification:_identify(Milestone03/codes/__pycache__) by extensions ['colcon_meta']
[0.387s] Level 1:colcon.colcon_core.package_identification:_identify(Milestone03/codes/__pycache__) by extension 'colcon_meta'
[0.387s] Level 1:colcon.colcon_core.package_identification:_identify(Milestone03/codes/__pycache__) by extensions ['ros']
[0.387s] Level 1:colcon.colcon_core.package_identification:_identify(Milestone03/codes/__pycache__) by extension 'ros'
[0.387s] Level 1:colcon.colcon_core.package_identification:_identify(Milestone03/codes/__pycache__) by extensions ['cmake', 'python']
[0.387s] Level 1:colcon.colcon_core.package_identification:_identify(Milestone03/codes/__pycache__) by extension 'cmake'
[0.387s] Level 1:colcon.colcon_core.package_identification:_identify(Milestone03/codes/__pycache__) by extension 'python'
[0.387s] Level 1:colcon.colcon_core.package_identification:_identify(Milestone03/codes/__pycache__) by extensions ['python_setup_py']
[0.387s] Level 1:colcon.colcon_core.package_identification:_identify(Milestone03/codes/__pycache__) by extension 'python_setup_py'
[0.387s] Level 1:colcon.colcon_core.package_identification:_identify(Milestone03/report) by extensions ['ignore', 'ignore_ament_install']
[0.387s] Level 1:colcon.colcon_core.package_identification:_identify(Milestone03/report) by extension 'ignore'
[0.387s] Level 1:colcon.colcon_core.package_identification:_identify(Milestone03/report) by extension 'ignore_ament_install'
[0.388s] Level 1:colcon.colcon_core.package_identification:_identify(Milestone03/report) by extensions ['colcon_pkg']
[0.388s] Level 1:colcon.colcon_core.package_identification:_identify(Milestone03/report) by extension 'colcon_pkg'
[0.388s] Level 1:colcon.colcon_core.package_identification:_identify(Milestone03/report) by extensions ['colcon_meta']
[0.388s] Level 1:colcon.colcon_core.package_identification:_identify(Milestone03/report) by extension 'colcon_meta'
[0.388s] Level 1:colcon.colcon_core.package_identification:_identify(Milestone03/report) by extensions ['ros']
[0.388s] Level 1:colcon.colcon_core.package_identification:_identify(Milestone03/report) by extension 'ros'
[0.388s] Level 1:colcon.colcon_core.package_identification:_identify(Milestone03/report) by extensions ['cmake', 'python']
[0.388s] Level 1:colcon.colcon_core.package_identification:_identify(Milestone03/report) by extension 'cmake'
[0.388s] Level 1:colcon.colcon_core.package_identification:_identify(Milestone03/report) by extension 'python'
[0.388s] Level 1:colcon.colcon_core.package_identification:_identify(Milestone03/report) by extensions ['python_setup_py']
[0.388s] Level 1:colcon.colcon_core.package_identification:_identify(Milestone03/report) by extension 'python_setup_py'
[0.388s] Level 1:colcon.colcon_core.package_identification:_identify(Milestone03/videos) by extensions ['ignore', 'ignore_ament_install']
[0.388s] Level 1:colcon.colcon_core.package_identification:_identify(Milestone03/videos) by extension 'ignore'
[0.388s] Level 1:colcon.colcon_core.package_identification:_identify(Milestone03/videos) by extension 'ignore_ament_install'
[0.388s] Level 1:colcon.colcon_core.package_identification:_identify(Milestone03/videos) by extensions ['colcon_pkg']
[0.388s] Level 1:colcon.colcon_core.package_identification:_identify(Milestone03/videos) by extension 'colcon_pkg'
[0.388s] Level 1:colcon.colcon_core.package_identification:_identify(Milestone03/videos) by extensions ['colcon_meta']
[0.388s] Level 1:colcon.colcon_core.package_identification:_identify(Milestone03/videos) by extension 'colcon_meta'
[0.388s] Level 1:colcon.colcon_core.package_identification:_identify(Milestone03/videos) by extensions ['ros']
[0.388s] Level 1:colcon.colcon_core.package_identification:_identify(Milestone03/videos) by extension 'ros'
[0.388s] Level 1:colcon.colcon_core.package_identification:_identify(Milestone03/videos) by extensions ['cmake', 'python']
[0.388s] Level 1:colcon.colcon_core.package_identification:_identify(Milestone03/videos) by extension 'cmake'
[0.388s] Level 1:colcon.colcon_core.package_identification:_identify(Milestone03/videos) by extension 'python'
[0.388s] Level 1:colcon.colcon_core.package_identification:_identify(Milestone03/videos) by extensions ['python_setup_py']
[0.388s] Level 1:colcon.colcon_core.package_identification:_identify(Milestone03/videos) by extension 'python_setup_py'
[0.388s] Level 1:colcon.colcon_core.package_identification:_identify(Milestone04) by extensions ['ignore', 'ignore_ament_install']
[0.388s] Level 1:colcon.colcon_core.package_identification:_identify(Milestone04) by extension 'ignore'
[0.388s] Level 1:colcon.colcon_core.package_identification:_identify(Milestone04) by extension 'ignore_ament_install'
[0.388s] Level 1:colcon.colcon_core.package_identification:_identify(Milestone04) by extensions ['colcon_pkg']
[0.388s] Level 1:colcon.colcon_core.package_identification:_identify(Milestone04) by extension 'colcon_pkg'
[0.388s] Level 1:colcon.colcon_core.package_identification:_identify(Milestone04) by extensions ['colcon_meta']
[0.389s] Level 1:colcon.colcon_core.package_identification:_identify(Milestone04) by extension 'colcon_meta'
[0.389s] Level 1:colcon.colcon_core.package_identification:_identify(Milestone04) by extensions ['ros']
[0.389s] Level 1:colcon.colcon_core.package_identification:_identify(Milestone04) by extension 'ros'
[0.389s] Level 1:colcon.colcon_core.package_identification:_identify(Milestone04) by extensions ['cmake', 'python']
[0.389s] Level 1:colcon.colcon_core.package_identification:_identify(Milestone04) by extension 'cmake'
[0.389s] Level 1:colcon.colcon_core.package_identification:_identify(Milestone04) by extension 'python'
[0.389s] Level 1:colcon.colcon_core.package_identification:_identify(Milestone04) by extensions ['python_setup_py']
[0.389s] Level 1:colcon.colcon_core.package_identification:_identify(Milestone04) by extension 'python_setup_py'
[0.389s] Level 1:colcon.colcon_core.package_identification:_identify(build) by extensions ['ignore', 'ignore_ament_install']
[0.389s] Level 1:colcon.colcon_core.package_identification:_identify(build) by extension 'ignore'
[0.389s] Level 1:colcon.colcon_core.package_identification:_identify(build) ignored
[0.389s] Level 1:colcon.colcon_core.package_identification:_identify(install) by extensions ['ignore', 'ignore_ament_install']
[0.389s] Level 1:colcon.colcon_core.package_identification:_identify(install) by extension 'ignore'
[0.389s] Level 1:colcon.colcon_core.package_identification:_identify(install) ignored
[0.389s] Level 1:colcon.colcon_core.package_identification:_identify(log) by extensions ['ignore', 'ignore_ament_install']
[0.389s] Level 1:colcon.colcon_core.package_identification:_identify(log) by extension 'ignore'
[0.390s] Level 1:colcon.colcon_core.package_identification:_identify(log) ignored
[0.390s] Level 1:colcon.colcon_core.package_identification:_identify(mujoco-3.2.0) by extensions ['ignore', 'ignore_ament_install']
[0.390s] Level 1:colcon.colcon_core.package_identification:_identify(mujoco-3.2.0) by extension 'ignore'
[0.390s] Level 1:colcon.colcon_core.package_identification:_identify(mujoco-3.2.0) by extension 'ignore_ament_install'
[0.390s] Level 1:colcon.colcon_core.package_identification:_identify(mujoco-3.2.0) by extensions ['colcon_pkg']
[0.390s] Level 1:colcon.colcon_core.package_identification:_identify(mujoco-3.2.0) by extension 'colcon_pkg'
[0.390s] Level 1:colcon.colcon_core.package_identification:_identify(mujoco-3.2.0) by extensions ['colcon_meta']
[0.390s] Level 1:colcon.colcon_core.package_identification:_identify(mujoco-3.2.0) by extension 'colcon_meta'
[0.390s] Level 1:colcon.colcon_core.package_identification:_identify(mujoco-3.2.0) by extensions ['ros']
[0.390s] Level 1:colcon.colcon_core.package_identification:_identify(mujoco-3.2.0) by extension 'ros'
[0.390s] Level 1:colcon.colcon_core.package_identification:_identify(mujoco-3.2.0) by extensions ['cmake', 'python']
[0.390s] Level 1:colcon.colcon_core.package_identification:_identify(mujoco-3.2.0) by extension 'cmake'
[0.390s] Level 1:colcon.colcon_core.package_identification:_identify(mujoco-3.2.0) by extension 'python'
[0.390s] Level 1:colcon.colcon_core.package_identification:_identify(mujoco-3.2.0) by extensions ['python_setup_py']
[0.390s] Level 1:colcon.colcon_core.package_identification:_identify(mujoco-3.2.0) by extension 'python_setup_py'
[0.390s] Level 1:colcon.colcon_core.package_identification:_identify(mujoco-3.2.0/bin) by extensions ['ignore', 'ignore_ament_install']
[0.391s] Level 1:colcon.colcon_core.package_identification:_identify(mujoco-3.2.0/bin) by extension 'ignore'
[0.391s] Level 1:colcon.colcon_core.package_identification:_identify(mujoco-3.2.0/bin) by extension 'ignore_ament_install'
[0.391s] Level 1:colcon.colcon_core.package_identification:_identify(mujoco-3.2.0/bin) by extensions ['colcon_pkg']
[0.391s] Level 1:colcon.colcon_core.package_identification:_identify(mujoco-3.2.0/bin) by extension 'colcon_pkg'
[0.391s] Level 1:colcon.colcon_core.package_identification:_identify(mujoco-3.2.0/bin) by extensions ['colcon_meta']
[0.391s] Level 1:colcon.colcon_core.package_identification:_identify(mujoco-3.2.0/bin) by extension 'colcon_meta'
[0.391s] Level 1:colcon.colcon_core.package_identification:_identify(mujoco-3.2.0/bin) by extensions ['ros']
[0.391s] Level 1:colcon.colcon_core.package_identification:_identify(mujoco-3.2.0/bin) by extension 'ros'
[0.391s] Level 1:colcon.colcon_core.package_identification:_identify(mujoco-3.2.0/bin) by extensions ['cmake', 'python']
[0.391s] Level 1:colcon.colcon_core.package_identification:_identify(mujoco-3.2.0/bin) by extension 'cmake'
[0.391s] Level 1:colcon.colcon_core.package_identification:_identify(mujoco-3.2.0/bin) by extension 'python'
[0.391s] Level 1:colcon.colcon_core.package_identification:_identify(mujoco-3.2.0/bin) by extensions ['python_setup_py']
[0.391s] Level 1:colcon.colcon_core.package_identification:_identify(mujoco-3.2.0/bin) by extension 'python_setup_py'
[0.391s] Level 1:colcon.colcon_core.package_identification:_identify(mujoco-3.2.0/bin/mujoco_plugin) by extensions ['ignore', 'ignore_ament_install']
[0.391s] Level 1:colcon.colcon_core.package_identification:_identify(mujoco-3.2.0/bin/mujoco_plugin) by extension 'ignore'
[0.391s] Level 1:colcon.colcon_core.package_identification:_identify(mujoco-3.2.0/bin/mujoco_plugin) by extension 'ignore_ament_install'
[0.391s] Level 1:colcon.colcon_core.package_identification:_identify(mujoco-3.2.0/bin/mujoco_plugin) by extensions ['colcon_pkg']
[0.391s] Level 1:colcon.colcon_core.package_identification:_identify(mujoco-3.2.0/bin/mujoco_plugin) by extension 'colcon_pkg'
[0.391s] Level 1:colcon.colcon_core.package_identification:_identify(mujoco-3.2.0/bin/mujoco_plugin) by extensions ['colcon_meta']
[0.391s] Level 1:colcon.colcon_core.package_identification:_identify(mujoco-3.2.0/bin/mujoco_plugin) by extension 'colcon_meta'
[0.392s] Level 1:colcon.colcon_core.package_identification:_identify(mujoco-3.2.0/bin/mujoco_plugin) by extensions ['ros']
[0.392s] Level 1:colcon.colcon_core.package_identification:_identify(mujoco-3.2.0/bin/mujoco_plugin) by extension 'ros'
[0.392s] Level 1:colcon.colcon_core.package_identification:_identify(mujoco-3.2.0/bin/mujoco_plugin) by extensions ['cmake', 'python']
[0.392s] Level 1:colcon.colcon_core.package_identification:_identify(mujoco-3.2.0/bin/mujoco_plugin) by extension 'cmake'
[0.392s] Level 1:colcon.colcon_core.package_identification:_identify(mujoco-3.2.0/bin/mujoco_plugin) by extension 'python'
[0.392s] Level 1:colcon.colcon_core.package_identification:_identify(mujoco-3.2.0/bin/mujoco_plugin) by extensions ['python_setup_py']
[0.392s] Level 1:colcon.colcon_core.package_identification:_identify(mujoco-3.2.0/bin/mujoco_plugin) by extension 'python_setup_py'
[0.392s] Level 1:colcon.colcon_core.package_identification:_identify(mujoco-3.2.0/include) by extensions ['ignore', 'ignore_ament_install']
[0.392s] Level 1:colcon.colcon_core.package_identification:_identify(mujoco-3.2.0/include) by extension 'ignore'
[0.392s] Level 1:colcon.colcon_core.package_identification:_identify(mujoco-3.2.0/include) by extension 'ignore_ament_install'
[0.392s] Level 1:colcon.colcon_core.package_identification:_identify(mujoco-3.2.0/include) by extensions ['colcon_pkg']
[0.392s] Level 1:colcon.colcon_core.package_identification:_identify(mujoco-3.2.0/include) by extension 'colcon_pkg'
[0.392s] Level 1:colcon.colcon_core.package_identification:_identify(mujoco-3.2.0/include) by extensions ['colcon_meta']
[0.392s] Level 1:colcon.colcon_core.package_identification:_identify(mujoco-3.2.0/include) by extension 'colcon_meta'
[0.392s] Level 1:colcon.colcon_core.package_identification:_identify(mujoco-3.2.0/include) by extensions ['ros']
[0.392s] Level 1:colcon.colcon_core.package_identification:_identify(mujoco-3.2.0/include) by extension 'ros'
[0.392s] Level 1:colcon.colcon_core.package_identification:_identify(mujoco-3.2.0/include) by extensions ['cmake', 'python']
[0.392s] Level 1:colcon.colcon_core.package_identification:_identify(mujoco-3.2.0/include) by extension 'cmake'
[0.392s] Level 1:colcon.colcon_core.package_identification:_identify(mujoco-3.2.0/include) by extension 'python'
[0.392s] Level 1:colcon.colcon_core.package_identification:_identify(mujoco-3.2.0/include) by extensions ['python_setup_py']
[0.392s] Level 1:colcon.colcon_core.package_identification:_identify(mujoco-3.2.0/include) by extension 'python_setup_py'
[0.393s] Level 1:colcon.colcon_core.package_identification:_identify(mujoco-3.2.0/include/mujoco) by extensions ['ignore', 'ignore_ament_install']
[0.393s] Level 1:colcon.colcon_core.package_identification:_identify(mujoco-3.2.0/include/mujoco) by extension 'ignore'
[0.393s] Level 1:colcon.colcon_core.package_identification:_identify(mujoco-3.2.0/include/mujoco) by extension 'ignore_ament_install'
[0.393s] Level 1:colcon.colcon_core.package_identification:_identify(mujoco-3.2.0/include/mujoco) by extensions ['colcon_pkg']
[0.393s] Level 1:colcon.colcon_core.package_identification:_identify(mujoco-3.2.0/include/mujoco) by extension 'colcon_pkg'
[0.393s] Level 1:colcon.colcon_core.package_identification:_identify(mujoco-3.2.0/include/mujoco) by extensions ['colcon_meta']
[0.393s] Level 1:colcon.colcon_core.package_identification:_identify(mujoco-3.2.0/include/mujoco) by extension 'colcon_meta'
[0.393s] Level 1:colcon.colcon_core.package_identification:_identify(mujoco-3.2.0/include/mujoco) by extensions ['ros']
[0.393s] Level 1:colcon.colcon_core.package_identification:_identify(mujoco-3.2.0/include/mujoco) by extension 'ros'
[0.393s] Level 1:colcon.colcon_core.package_identification:_identify(mujoco-3.2.0/include/mujoco) by extensions ['cmake', 'python']
[0.393s] Level 1:colcon.colcon_core.package_identification:_identify(mujoco-3.2.0/include/mujoco) by extension 'cmake'
[0.393s] Level 1:colcon.colcon_core.package_identification:_identify(mujoco-3.2.0/include/mujoco) by extension 'python'
[0.393s] Level 1:colcon.colcon_core.package_identification:_identify(mujoco-3.2.0/include/mujoco) by extensions ['python_setup_py']
[0.393s] Level 1:colcon.colcon_core.package_identification:_identify(mujoco-3.2.0/include/mujoco) by extension 'python_setup_py'
[0.393s] Level 1:colcon.colcon_core.package_identification:_identify(mujoco-3.2.0/lib) by extensions ['ignore', 'ignore_ament_install']
[0.393s] Level 1:colcon.colcon_core.package_identification:_identify(mujoco-3.2.0/lib) by extension 'ignore'
[0.393s] Level 1:colcon.colcon_core.package_identification:_identify(mujoco-3.2.0/lib) by extension 'ignore_ament_install'
[0.393s] Level 1:colcon.colcon_core.package_identification:_identify(mujoco-3.2.0/lib) by extensions ['colcon_pkg']
[0.394s] Level 1:colcon.colcon_core.package_identification:_identify(mujoco-3.2.0/lib) by extension 'colcon_pkg'
[0.394s] Level 1:colcon.colcon_core.package_identification:_identify(mujoco-3.2.0/lib) by extensions ['colcon_meta']
[0.394s] Level 1:colcon.colcon_core.package_identification:_identify(mujoco-3.2.0/lib) by extension 'colcon_meta'
[0.394s] Level 1:colcon.colcon_core.package_identification:_identify(mujoco-3.2.0/lib) by extensions ['ros']
[0.394s] Level 1:colcon.colcon_core.package_identification:_identify(mujoco-3.2.0/lib) by extension 'ros'
[0.394s] Level 1:colcon.colcon_core.package_identification:_identify(mujoco-3.2.0/lib) by extensions ['cmake', 'python']
[0.394s] Level 1:colcon.colcon_core.package_identification:_identify(mujoco-3.2.0/lib) by extension 'cmake'
[0.394s] Level 1:colcon.colcon_core.package_identification:_identify(mujoco-3.2.0/lib) by extension 'python'
[0.394s] Level 1:colcon.colcon_core.package_identification:_identify(mujoco-3.2.0/lib) by extensions ['python_setup_py']
[0.394s] Level 1:colcon.colcon_core.package_identification:_identify(mujoco-3.2.0/lib) by extension 'python_setup_py'
[0.394s] Level 1:colcon.colcon_core.package_identification:_identify(mujoco-3.2.0/model) by extensions ['ignore', 'ignore_ament_install']
[0.394s] Level 1:colcon.colcon_core.package_identification:_identify(mujoco-3.2.0/model) by extension 'ignore'
[0.394s] Level 1:colcon.colcon_core.package_identification:_identify(mujoco-3.2.0/model) by extension 'ignore_ament_install'
[0.394s] Level 1:colcon.colcon_core.package_identification:_identify(mujoco-3.2.0/model) by extensions ['colcon_pkg']
[0.394s] Level 1:colcon.colcon_core.package_identification:_identify(mujoco-3.2.0/model) by extension 'colcon_pkg'
[0.394s] Level 1:colcon.colcon_core.package_identification:_identify(mujoco-3.2.0/model) by extensions ['colcon_meta']
[0.394s] Level 1:colcon.colcon_core.package_identification:_identify(mujoco-3.2.0/model) by extension 'colcon_meta'
[0.394s] Level 1:colcon.colcon_core.package_identification:_identify(mujoco-3.2.0/model) by extensions ['ros']
[0.395s] Level 1:colcon.colcon_core.package_identification:_identify(mujoco-3.2.0/model) by extension 'ros'
[0.395s] Level 1:colcon.colcon_core.package_identification:_identify(mujoco-3.2.0/model) by extensions ['cmake', 'python']
[0.395s] Level 1:colcon.colcon_core.package_identification:_identify(mujoco-3.2.0/model) by extension 'cmake'
[0.395s] Level 1:colcon.colcon_core.package_identification:_identify(mujoco-3.2.0/model) by extension 'python'
[0.395s] Level 1:colcon.colcon_core.package_identification:_identify(mujoco-3.2.0/model) by extensions ['python_setup_py']
[0.395s] Level 1:colcon.colcon_core.package_identification:_identify(mujoco-3.2.0/model) by extension 'python_setup_py'
[0.395s] Level 1:colcon.colcon_core.package_identification:_identify(mujoco-3.2.0/model/adhesion) by extensions ['ignore', 'ignore_ament_install']
[0.395s] Level 1:colcon.colcon_core.package_identification:_identify(mujoco-3.2.0/model/adhesion) by extension 'ignore'
[0.395s] Level 1:colcon.colcon_core.package_identification:_identify(mujoco-3.2.0/model/adhesion) by extension 'ignore_ament_install'
[0.395s] Level 1:colcon.colcon_core.package_identification:_identify(mujoco-3.2.0/model/adhesion) by extensions ['colcon_pkg']
[0.395s] Level 1:colcon.colcon_core.package_identification:_identify(mujoco-3.2.0/model/adhesion) by extension 'colcon_pkg'
[0.395s] Level 1:colcon.colcon_core.package_identification:_identify(mujoco-3.2.0/model/adhesion) by extensions ['colcon_meta']
[0.395s] Level 1:colcon.colcon_core.package_identification:_identify(mujoco-3.2.0/model/adhesion) by extension 'colcon_meta'
[0.395s] Level 1:colcon.colcon_core.package_identification:_identify(mujoco-3.2.0/model/adhesion) by extensions ['ros']
[0.395s] Level 1:colcon.colcon_core.package_identification:_identify(mujoco-3.2.0/model/adhesion) by extension 'ros'
[0.395s] Level 1:colcon.colcon_core.package_identification:_identify(mujoco-3.2.0/model/adhesion) by extensions ['cmake', 'python']
[0.395s] Level 1:colcon.colcon_core.package_identification:_identify(mujoco-3.2.0/model/adhesion) by extension 'cmake'
[0.395s] Level 1:colcon.colcon_core.package_identification:_identify(mujoco-3.2.0/model/adhesion) by extension 'python'
[0.395s] Level 1:colcon.colcon_core.package_identification:_identify(mujoco-3.2.0/model/adhesion) by extensions ['python_setup_py']
[0.395s] Level 1:colcon.colcon_core.package_identification:_identify(mujoco-3.2.0/model/adhesion) by extension 'python_setup_py'
[0.396s] Level 1:colcon.colcon_core.package_identification:_identify(mujoco-3.2.0/model/balloons) by extensions ['ignore', 'ignore_ament_install']
[0.396s] Level 1:colcon.colcon_core.package_identification:_identify(mujoco-3.2.0/model/balloons) by extension 'ignore'
[0.396s] Level 1:colcon.colcon_core.package_identification:_identify(mujoco-3.2.0/model/balloons) by extension 'ignore_ament_install'
[0.396s] Level 1:colcon.colcon_core.package_identification:_identify(mujoco-3.2.0/model/balloons) by extensions ['colcon_pkg']
[0.396s] Level 1:colcon.colcon_core.package_identification:_identify(mujoco-3.2.0/model/balloons) by extension 'colcon_pkg'
[0.396s] Level 1:colcon.colcon_core.package_identification:_identify(mujoco-3.2.0/model/balloons) by extensions ['colcon_meta']
[0.396s] Level 1:colcon.colcon_core.package_identification:_identify(mujoco-3.2.0/model/balloons) by extension 'colcon_meta'
[0.396s] Level 1:colcon.colcon_core.package_identification:_identify(mujoco-3.2.0/model/balloons) by extensions ['ros']
[0.396s] Level 1:colcon.colcon_core.package_identification:_identify(mujoco-3.2.0/model/balloons) by extension 'ros'
[0.396s] Level 1:colcon.colcon_core.package_identification:_identify(mujoco-3.2.0/model/balloons) by extensions ['cmake', 'python']
[0.396s] Level 1:colcon.colcon_core.package_identification:_identify(mujoco-3.2.0/model/balloons) by extension 'cmake'
[0.396s] Level 1:colcon.colcon_core.package_identification:_identify(mujoco-3.2.0/model/balloons) by extension 'python'
[0.396s] Level 1:colcon.colcon_core.package_identification:_identify(mujoco-3.2.0/model/balloons) by extensions ['python_setup_py']
[0.396s] Level 1:colcon.colcon_core.package_identification:_identify(mujoco-3.2.0/model/balloons) by extension 'python_setup_py'
[0.396s] Level 1:colcon.colcon_core.package_identification:_identify(mujoco-3.2.0/model/car) by extensions ['ignore', 'ignore_ament_install']
[0.396s] Level 1:colcon.colcon_core.package_identification:_identify(mujoco-3.2.0/model/car) by extension 'ignore'
[0.396s] Level 1:colcon.colcon_core.package_identification:_identify(mujoco-3.2.0/model/car) by extension 'ignore_ament_install'
[0.396s] Level 1:colcon.colcon_core.package_identification:_identify(mujoco-3.2.0/model/car) by extensions ['colcon_pkg']
[0.396s] Level 1:colcon.colcon_core.package_identification:_identify(mujoco-3.2.0/model/car) by extension 'colcon_pkg'
[0.396s] Level 1:colcon.colcon_core.package_identification:_identify(mujoco-3.2.0/model/car) by extensions ['colcon_meta']
[0.396s] Level 1:colcon.colcon_core.package_identification:_identify(mujoco-3.2.0/model/car) by extension 'colcon_meta'
[0.396s] Level 1:colcon.colcon_core.package_identification:_identify(mujoco-3.2.0/model/car) by extensions ['ros']
[0.397s] Level 1:colcon.colcon_core.package_identification:_identify(mujoco-3.2.0/model/car) by extension 'ros'
[0.397s] Level 1:colcon.colcon_core.package_identification:_identify(mujoco-3.2.0/model/car) by extensions ['cmake', 'python']
[0.397s] Level 1:colcon.colcon_core.package_identification:_identify(mujoco-3.2.0/model/car) by extension 'cmake'
[0.397s] Level 1:colcon.colcon_core.package_identification:_identify(mujoco-3.2.0/model/car) by extension 'python'
[0.397s] Level 1:colcon.colcon_core.package_identification:_identify(mujoco-3.2.0/model/car) by extensions ['python_setup_py']
[0.397s] Level 1:colcon.colcon_core.package_identification:_identify(mujoco-3.2.0/model/car) by extension 'python_setup_py'
[0.397s] Level 1:colcon.colcon_core.package_identification:_identify(mujoco-3.2.0/model/cards) by extensions ['ignore', 'ignore_ament_install']
[0.397s] Level 1:colcon.colcon_core.package_identification:_identify(mujoco-3.2.0/model/cards) by extension 'ignore'
[0.397s] Level 1:colcon.colcon_core.package_identification:_identify(mujoco-3.2.0/model/cards) by extension 'ignore_ament_install'
[0.397s] Level 1:colcon.colcon_core.package_identification:_identify(mujoco-3.2.0/model/cards) by extensions ['colcon_pkg']
[0.397s] Level 1:colcon.colcon_core.package_identification:_identify(mujoco-3.2.0/model/cards) by extension 'colcon_pkg'
[0.397s] Level 1:colcon.colcon_core.package_identification:_identify(mujoco-3.2.0/model/cards) by extensions ['colcon_meta']
[0.397s] Level 1:colcon.colcon_core.package_identification:_identify(mujoco-3.2.0/model/cards) by extension 'colcon_meta'
[0.397s] Level 1:colcon.colcon_core.package_identification:_identify(mujoco-3.2.0/model/cards) by extensions ['ros']
[0.397s] Level 1:colcon.colcon_core.package_identification:_identify(mujoco-3.2.0/model/cards) by extension 'ros'
[0.397s] Level 1:colcon.colcon_core.package_identification:_identify(mujoco-3.2.0/model/cards) by extensions ['cmake', 'python']
[0.397s] Level 1:colcon.colcon_core.package_identification:_identify(mujoco-3.2.0/model/cards) by extension 'cmake'
[0.397s] Level 1:colcon.colcon_core.package_identification:_identify(mujoco-3.2.0/model/cards) by extension 'python'
[0.397s] Level 1:colcon.colcon_core.package_identification:_identify(mujoco-3.2.0/model/cards) by extensions ['python_setup_py']
[0.397s] Level 1:colcon.colcon_core.package_identification:_identify(mujoco-3.2.0/model/cards) by extension 'python_setup_py'
[0.398s] Level 1:colcon.colcon_core.package_identification:_identify(mujoco-3.2.0/model/cards/assets) by extensions ['ignore', 'ignore_ament_install']
[0.398s] Level 1:colcon.colcon_core.package_identification:_identify(mujoco-3.2.0/model/cards/assets) by extension 'ignore'
[0.398s] Level 1:colcon.colcon_core.package_identification:_identify(mujoco-3.2.0/model/cards/assets) by extension 'ignore_ament_install'
[0.398s] Level 1:colcon.colcon_core.package_identification:_identify(mujoco-3.2.0/model/cards/assets) by extensions ['colcon_pkg']
[0.398s] Level 1:colcon.colcon_core.package_identification:_identify(mujoco-3.2.0/model/cards/assets) by extension 'colcon_pkg'
[0.398s] Level 1:colcon.colcon_core.package_identification:_identify(mujoco-3.2.0/model/cards/assets) by extensions ['colcon_meta']
[0.398s] Level 1:colcon.colcon_core.package_identification:_identify(mujoco-3.2.0/model/cards/assets) by extension 'colcon_meta'
[0.398s] Level 1:colcon.colcon_core.package_identification:_identify(mujoco-3.2.0/model/cards/assets) by extensions ['ros']
[0.398s] Level 1:colcon.colcon_core.package_identification:_identify(mujoco-3.2.0/model/cards/assets) by extension 'ros'
[0.398s] Level 1:colcon.colcon_core.package_identification:_identify(mujoco-3.2.0/model/cards/assets) by extensions ['cmake', 'python']
[0.398s] Level 1:colcon.colcon_core.package_identification:_identify(mujoco-3.2.0/model/cards/assets) by extension 'cmake'
[0.398s] Level 1:colcon.colcon_core.package_identification:_identify(mujoco-3.2.0/model/cards/assets) by extension 'python'
[0.398s] Level 1:colcon.colcon_core.package_identification:_identify(mujoco-3.2.0/model/cards/assets) by extensions ['python_setup_py']
[0.398s] Level 1:colcon.colcon_core.package_identification:_identify(mujoco-3.2.0/model/cards/assets) by extension 'python_setup_py'
[0.398s] Level 1:colcon.colcon_core.package_identification:_identify(mujoco-3.2.0/model/composite) by extensions ['ignore', 'ignore_ament_install']
[0.398s] Level 1:colcon.colcon_core.package_identification:_identify(mujoco-3.2.0/model/composite) by extension 'ignore'
[0.398s] Level 1:colcon.colcon_core.package_identification:_identify(mujoco-3.2.0/model/composite) by extension 'ignore_ament_install'
[0.399s] Level 1:colcon.colcon_core.package_identification:_identify(mujoco-3.2.0/model/composite) by extensions ['colcon_pkg']
[0.399s] Level 1:colcon.colcon_core.package_identification:_identify(mujoco-3.2.0/model/composite) by extension 'colcon_pkg'
[0.399s] Level 1:colcon.colcon_core.package_identification:_identify(mujoco-3.2.0/model/composite) by extensions ['colcon_meta']
[0.399s] Level 1:colcon.colcon_core.package_identification:_identify(mujoco-3.2.0/model/composite) by extension 'colcon_meta'
[0.399s] Level 1:colcon.colcon_core.package_identification:_identify(mujoco-3.2.0/model/composite) by extensions ['ros']
[0.399s] Level 1:colcon.colcon_core.package_identification:_identify(mujoco-3.2.0/model/composite) by extension 'ros'
[0.399s] Level 1:colcon.colcon_core.package_identification:_identify(mujoco-3.2.0/model/composite) by extensions ['cmake', 'python']
[0.399s] Level 1:colcon.colcon_core.package_identification:_identify(mujoco-3.2.0/model/composite) by extension 'cmake'
[0.399s] Level 1:colcon.colcon_core.package_identification:_identify(mujoco-3.2.0/model/composite) by extension 'python'
[0.399s] Level 1:colcon.colcon_core.package_identification:_identify(mujoco-3.2.0/model/composite) by extensions ['python_setup_py']
[0.399s] Level 1:colcon.colcon_core.package_identification:_identify(mujoco-3.2.0/model/composite) by extension 'python_setup_py'
[0.399s] Level 1:colcon.colcon_core.package_identification:_identify(mujoco-3.2.0/model/composite/asset) by extensions ['ignore', 'ignore_ament_install']
[0.399s] Level 1:colcon.colcon_core.package_identification:_identify(mujoco-3.2.0/model/composite/asset) by extension 'ignore'
[0.399s] Level 1:colcon.colcon_core.package_identification:_identify(mujoco-3.2.0/model/composite/asset) by extension 'ignore_ament_install'
[0.399s] Level 1:colcon.colcon_core.package_identification:_identify(mujoco-3.2.0/model/composite/asset) by extensions ['colcon_pkg']
[0.399s] Level 1:colcon.colcon_core.package_identification:_identify(mujoco-3.2.0/model/composite/asset) by extension 'colcon_pkg'
[0.399s] Level 1:colcon.colcon_core.package_identification:_identify(mujoco-3.2.0/model/composite/asset) by extensions ['colcon_meta']
[0.399s] Level 1:colcon.colcon_core.package_identification:_identify(mujoco-3.2.0/model/composite/asset) by extension 'colcon_meta'
[0.399s] Level 1:colcon.colcon_core.package_identification:_identify(mujoco-3.2.0/model/composite/asset) by extensions ['ros']
[0.399s] Level 1:colcon.colcon_core.package_identification:_identify(mujoco-3.2.0/model/composite/asset) by extension 'ros'
[0.399s] Level 1:colcon.colcon_core.package_identification:_identify(mujoco-3.2.0/model/composite/asset) by extensions ['cmake', 'python']
[0.399s] Level 1:colcon.colcon_core.package_identification:_identify(mujoco-3.2.0/model/composite/asset) by extension 'cmake'
[0.400s] Level 1:colcon.colcon_core.package_identification:_identify(mujoco-3.2.0/model/composite/asset) by extension 'python'
[0.400s] Level 1:colcon.colcon_core.package_identification:_identify(mujoco-3.2.0/model/composite/asset) by extensions ['python_setup_py']
[0.400s] Level 1:colcon.colcon_core.package_identification:_identify(mujoco-3.2.0/model/composite/asset) by extension 'python_setup_py'
[0.400s] Level 1:colcon.colcon_core.package_identification:_identify(mujoco-3.2.0/model/cube) by extensions ['ignore', 'ignore_ament_install']
[0.400s] Level 1:colcon.colcon_core.package_identification:_identify(mujoco-3.2.0/model/cube) by extension 'ignore'
[0.400s] Level 1:colcon.colcon_core.package_identification:_identify(mujoco-3.2.0/model/cube) by extension 'ignore_ament_install'
[0.400s] Level 1:colcon.colcon_core.package_identification:_identify(mujoco-3.2.0/model/cube) by extensions ['colcon_pkg']
[0.400s] Level 1:colcon.colcon_core.package_identification:_identify(mujoco-3.2.0/model/cube) by extension 'colcon_pkg'
[0.400s] Level 1:colcon.colcon_core.package_identification:_identify(mujoco-3.2.0/model/cube) by extensions ['colcon_meta']
[0.400s] Level 1:colcon.colcon_core.package_identification:_identify(mujoco-3.2.0/model/cube) by extension 'colcon_meta'
[0.400s] Level 1:colcon.colcon_core.package_identification:_identify(mujoco-3.2.0/model/cube) by extensions ['ros']
[0.400s] Level 1:colcon.colcon_core.package_identification:_identify(mujoco-3.2.0/model/cube) by extension 'ros'
[0.400s] Level 1:colcon.colcon_core.package_identification:_identify(mujoco-3.2.0/model/cube) by extensions ['cmake', 'python']
[0.400s] Level 1:colcon.colcon_core.package_identification:_identify(mujoco-3.2.0/model/cube) by extension 'cmake'
[0.400s] Level 1:colcon.colcon_core.package_identification:_identify(mujoco-3.2.0/model/cube) by extension 'python'
[0.400s] Level 1:colcon.colcon_core.package_identification:_identify(mujoco-3.2.0/model/cube) by extensions ['python_setup_py']
[0.400s] Level 1:colcon.colcon_core.package_identification:_identify(mujoco-3.2.0/model/cube) by extension 'python_setup_py'
[0.400s] Level 1:colcon.colcon_core.package_identification:_identify(mujoco-3.2.0/model/cube/assets) by extensions ['ignore', 'ignore_ament_install']
[0.401s] Level 1:colcon.colcon_core.package_identification:_identify(mujoco-3.2.0/model/cube/assets) by extension 'ignore'
[0.401s] Level 1:colcon.colcon_core.package_identification:_identify(mujoco-3.2.0/model/cube/assets) by extension 'ignore_ament_install'
[0.401s] Level 1:colcon.colcon_core.package_identification:_identify(mujoco-3.2.0/model/cube/assets) by extensions ['colcon_pkg']
[0.401s] Level 1:colcon.colcon_core.package_identification:_identify(mujoco-3.2.0/model/cube/assets) by extension 'colcon_pkg'
[0.401s] Level 1:colcon.colcon_core.package_identification:_identify(mujoco-3.2.0/model/cube/assets) by extensions ['colcon_meta']
[0.401s] Level 1:colcon.colcon_core.package_identification:_identify(mujoco-3.2.0/model/cube/assets) by extension 'colcon_meta'
[0.401s] Level 1:colcon.colcon_core.package_identification:_identify(mujoco-3.2.0/model/cube/assets) by extensions ['ros']
[0.401s] Level 1:colcon.colcon_core.package_identification:_identify(mujoco-3.2.0/model/cube/assets) by extension 'ros'
[0.401s] Level 1:colcon.colcon_core.package_identification:_identify(mujoco-3.2.0/model/cube/assets) by extensions ['cmake', 'python']
[0.401s] Level 1:colcon.colcon_core.package_identification:_identify(mujoco-3.2.0/model/cube/assets) by extension 'cmake'
[0.401s] Level 1:colcon.colcon_core.package_identification:_identify(mujoco-3.2.0/model/cube/assets) by extension 'python'
[0.401s] Level 1:colcon.colcon_core.package_identification:_identify(mujoco-3.2.0/model/cube/assets) by extensions ['python_setup_py']
[0.401s] Level 1:colcon.colcon_core.package_identification:_identify(mujoco-3.2.0/model/cube/assets) by extension 'python_setup_py'
[0.401s] Level 1:colcon.colcon_core.package_identification:_identify(mujoco-3.2.0/model/hammock) by extensions ['ignore', 'ignore_ament_install']
[0.401s] Level 1:colcon.colcon_core.package_identification:_identify(mujoco-3.2.0/model/hammock) by extension 'ignore'
[0.401s] Level 1:colcon.colcon_core.package_identification:_identify(mujoco-3.2.0/model/hammock) by extension 'ignore_ament_install'
[0.401s] Level 1:colcon.colcon_core.package_identification:_identify(mujoco-3.2.0/model/hammock) by extensions ['colcon_pkg']
[0.401s] Level 1:colcon.colcon_core.package_identification:_identify(mujoco-3.2.0/model/hammock) by extension 'colcon_pkg'
[0.401s] Level 1:colcon.colcon_core.package_identification:_identify(mujoco-3.2.0/model/hammock) by extensions ['colcon_meta']
[0.401s] Level 1:colcon.colcon_core.package_identification:_identify(mujoco-3.2.0/model/hammock) by extension 'colcon_meta'
[0.402s] Level 1:colcon.colcon_core.package_identification:_identify(mujoco-3.2.0/model/hammock) by extensions ['ros']
[0.402s] Level 1:colcon.colcon_core.package_identification:_identify(mujoco-3.2.0/model/hammock) by extension 'ros'
[0.402s] Level 1:colcon.colcon_core.package_identification:_identify(mujoco-3.2.0/model/hammock) by extensions ['cmake', 'python']
[0.402s] Level 1:colcon.colcon_core.package_identification:_identify(mujoco-3.2.0/model/hammock) by extension 'cmake'
[0.402s] Level 1:colcon.colcon_core.package_identification:_identify(mujoco-3.2.0/model/hammock) by extension 'python'
[0.402s] Level 1:colcon.colcon_core.package_identification:_identify(mujoco-3.2.0/model/hammock) by extensions ['python_setup_py']
[0.402s] Level 1:colcon.colcon_core.package_identification:_identify(mujoco-3.2.0/model/hammock) by extension 'python_setup_py'
[0.402s] Level 1:colcon.colcon_core.package_identification:_identify(mujoco-3.2.0/model/humanoid) by extensions ['ignore', 'ignore_ament_install']
[0.402s] Level 1:colcon.colcon_core.package_identification:_identify(mujoco-3.2.0/model/humanoid) by extension 'ignore'
[0.402s] Level 1:colcon.colcon_core.package_identification:_identify(mujoco-3.2.0/model/humanoid) by extension 'ignore_ament_install'
[0.402s] Level 1:colcon.colcon_core.package_identification:_identify(mujoco-3.2.0/model/humanoid) by extensions ['colcon_pkg']
[0.402s] Level 1:colcon.colcon_core.package_identification:_identify(mujoco-3.2.0/model/humanoid) by extension 'colcon_pkg'
[0.402s] Level 1:colcon.colcon_core.package_identification:_identify(mujoco-3.2.0/model/humanoid) by extensions ['colcon_meta']
[0.402s] Level 1:colcon.colcon_core.package_identification:_identify(mujoco-3.2.0/model/humanoid) by extension 'colcon_meta'
[0.402s] Level 1:colcon.colcon_core.package_identification:_identify(mujoco-3.2.0/model/humanoid) by extensions ['ros']
[0.402s] Level 1:colcon.colcon_core.package_identification:_identify(mujoco-3.2.0/model/humanoid) by extension 'ros'
[0.402s] Level 1:colcon.colcon_core.package_identification:_identify(mujoco-3.2.0/model/humanoid) by extensions ['cmake', 'python']
[0.402s] Level 1:colcon.colcon_core.package_identification:_identify(mujoco-3.2.0/model/humanoid) by extension 'cmake'
[0.403s] Level 1:colcon.colcon_core.package_identification:_identify(mujoco-3.2.0/model/humanoid) by extension 'python'
[0.403s] Level 1:colcon.colcon_core.package_identification:_identify(mujoco-3.2.0/model/humanoid) by extensions ['python_setup_py']
[0.403s] Level 1:colcon.colcon_core.package_identification:_identify(mujoco-3.2.0/model/humanoid) by extension 'python_setup_py'
[0.403s] Level 1:colcon.colcon_core.package_identification:_identify(mujoco-3.2.0/model/humanoid100) by extensions ['ignore', 'ignore_ament_install']
[0.403s] Level 1:colcon.colcon_core.package_identification:_identify(mujoco-3.2.0/model/humanoid100) by extension 'ignore'
[0.403s] Level 1:colcon.colcon_core.package_identification:_identify(mujoco-3.2.0/model/humanoid100) by extension 'ignore_ament_install'
[0.403s] Level 1:colcon.colcon_core.package_identification:_identify(mujoco-3.2.0/model/humanoid100) by extensions ['colcon_pkg']
[0.403s] Level 1:colcon.colcon_core.package_identification:_identify(mujoco-3.2.0/model/humanoid100) by extension 'colcon_pkg'
[0.403s] Level 1:colcon.colcon_core.package_identification:_identify(mujoco-3.2.0/model/humanoid100) by extensions ['colcon_meta']
[0.403s] Level 1:colcon.colcon_core.package_identification:_identify(mujoco-3.2.0/model/humanoid100) by extension 'colcon_meta'
[0.403s] Level 1:colcon.colcon_core.package_identification:_identify(mujoco-3.2.0/model/humanoid100) by extensions ['ros']
[0.403s] Level 1:colcon.colcon_core.package_identification:_identify(mujoco-3.2.0/model/humanoid100) by extension 'ros'
[0.403s] Level 1:colcon.colcon_core.package_identification:_identify(mujoco-3.2.0/model/humanoid100) by extensions ['cmake', 'python']
[0.403s] Level 1:colcon.colcon_core.package_identification:_identify(mujoco-3.2.0/model/humanoid100) by extension 'cmake'
[0.403s] Level 1:colcon.colcon_core.package_identification:_identify(mujoco-3.2.0/model/humanoid100) by extension 'python'
[0.403s] Level 1:colcon.colcon_core.package_identification:_identify(mujoco-3.2.0/model/humanoid100) by extensions ['python_setup_py']
[0.403s] Level 1:colcon.colcon_core.package_identification:_identify(mujoco-3.2.0/model/humanoid100) by extension 'python_setup_py'
[0.403s] Level 1:colcon.colcon_core.package_identification:_identify(mujoco-3.2.0/model/mug) by extensions ['ignore', 'ignore_ament_install']
[0.404s] Level 1:colcon.colcon_core.package_identification:_identify(mujoco-3.2.0/model/mug) by extension 'ignore'
[0.404s] Level 1:colcon.colcon_core.package_identification:_identify(mujoco-3.2.0/model/mug) by extension 'ignore_ament_install'
[0.404s] Level 1:colcon.colcon_core.package_identification:_identify(mujoco-3.2.0/model/mug) by extensions ['colcon_pkg']
[0.404s] Level 1:colcon.colcon_core.package_identification:_identify(mujoco-3.2.0/model/mug) by extension 'colcon_pkg'
[0.404s] Level 1:colcon.colcon_core.package_identification:_identify(mujoco-3.2.0/model/mug) by extensions ['colcon_meta']
[0.404s] Level 1:colcon.colcon_core.package_identification:_identify(mujoco-3.2.0/model/mug) by extension 'colcon_meta'
[0.404s] Level 1:colcon.colcon_core.package_identification:_identify(mujoco-3.2.0/model/mug) by extensions ['ros']
[0.404s] Level 1:colcon.colcon_core.package_identification:_identify(mujoco-3.2.0/model/mug) by extension 'ros'
[0.404s] Level 1:colcon.colcon_core.package_identification:_identify(mujoco-3.2.0/model/mug) by extensions ['cmake', 'python']
[0.404s] Level 1:colcon.colcon_core.package_identification:_identify(mujoco-3.2.0/model/mug) by extension 'cmake'
[0.404s] Level 1:colcon.colcon_core.package_identification:_identify(mujoco-3.2.0/model/mug) by extension 'python'
[0.404s] Level 1:colcon.colcon_core.package_identification:_identify(mujoco-3.2.0/model/mug) by extensions ['python_setup_py']
[0.404s] Level 1:colcon.colcon_core.package_identification:_identify(mujoco-3.2.0/model/mug) by extension 'python_setup_py'
[0.404s] Level 1:colcon.colcon_core.package_identification:_identify(mujoco-3.2.0/model/plugin) by extensions ['ignore', 'ignore_ament_install']
[0.404s] Level 1:colcon.colcon_core.package_identification:_identify(mujoco-3.2.0/model/plugin) by extension 'ignore'
[0.404s] Level 1:colcon.colcon_core.package_identification:_identify(mujoco-3.2.0/model/plugin) by extension 'ignore_ament_install'
[0.404s] Level 1:colcon.colcon_core.package_identification:_identify(mujoco-3.2.0/model/plugin) by extensions ['colcon_pkg']
[0.404s] Level 1:colcon.colcon_core.package_identification:_identify(mujoco-3.2.0/model/plugin) by extension 'colcon_pkg'
[0.404s] Level 1:colcon.colcon_core.package_identification:_identify(mujoco-3.2.0/model/plugin) by extensions ['colcon_meta']
[0.404s] Level 1:colcon.colcon_core.package_identification:_identify(mujoco-3.2.0/model/plugin) by extension 'colcon_meta'
[0.404s] Level 1:colcon.colcon_core.package_identification:_identify(mujoco-3.2.0/model/plugin) by extensions ['ros']
[0.404s] Level 1:colcon.colcon_core.package_identification:_identify(mujoco-3.2.0/model/plugin) by extension 'ros'
[0.404s] Level 1:colcon.colcon_core.package_identification:_identify(mujoco-3.2.0/model/plugin) by extensions ['cmake', 'python']
[0.404s] Level 1:colcon.colcon_core.package_identification:_identify(mujoco-3.2.0/model/plugin) by extension 'cmake'
[0.405s] Level 1:colcon.colcon_core.package_identification:_identify(mujoco-3.2.0/model/plugin) by extension 'python'
[0.405s] Level 1:colcon.colcon_core.package_identification:_identify(mujoco-3.2.0/model/plugin) by extensions ['python_setup_py']
[0.405s] Level 1:colcon.colcon_core.package_identification:_identify(mujoco-3.2.0/model/plugin) by extension 'python_setup_py'
[0.405s] Level 1:colcon.colcon_core.package_identification:_identify(mujoco-3.2.0/model/plugin/actuator) by extensions ['ignore', 'ignore_ament_install']
[0.405s] Level 1:colcon.colcon_core.package_identification:_identify(mujoco-3.2.0/model/plugin/actuator) by extension 'ignore'
[0.405s] Level 1:colcon.colcon_core.package_identification:_identify(mujoco-3.2.0/model/plugin/actuator) by extension 'ignore_ament_install'
[0.405s] Level 1:colcon.colcon_core.package_identification:_identify(mujoco-3.2.0/model/plugin/actuator) by extensions ['colcon_pkg']
[0.405s] Level 1:colcon.colcon_core.package_identification:_identify(mujoco-3.2.0/model/plugin/actuator) by extension 'colcon_pkg'
[0.405s] Level 1:colcon.colcon_core.package_identification:_identify(mujoco-3.2.0/model/plugin/actuator) by extensions ['colcon_meta']
[0.405s] Level 1:colcon.colcon_core.package_identification:_identify(mujoco-3.2.0/model/plugin/actuator) by extension 'colcon_meta'
[0.405s] Level 1:colcon.colcon_core.package_identification:_identify(mujoco-3.2.0/model/plugin/actuator) by extensions ['ros']
[0.405s] Level 1:colcon.colcon_core.package_identification:_identify(mujoco-3.2.0/model/plugin/actuator) by extension 'ros'
[0.405s] Level 1:colcon.colcon_core.package_identification:_identify(mujoco-3.2.0/model/plugin/actuator) by extensions ['cmake', 'python']
[0.405s] Level 1:colcon.colcon_core.package_identification:_identify(mujoco-3.2.0/model/plugin/actuator) by extension 'cmake'
[0.405s] Level 1:colcon.colcon_core.package_identification:_identify(mujoco-3.2.0/model/plugin/actuator) by extension 'python'
[0.405s] Level 1:colcon.colcon_core.package_identification:_identify(mujoco-3.2.0/model/plugin/actuator) by extensions ['python_setup_py']
[0.405s] Level 1:colcon.colcon_core.package_identification:_identify(mujoco-3.2.0/model/plugin/actuator) by extension 'python_setup_py'
[0.405s] Level 1:colcon.colcon_core.package_identification:_identify(mujoco-3.2.0/model/plugin/elasticity) by extensions ['ignore', 'ignore_ament_install']
[0.405s] Level 1:colcon.colcon_core.package_identification:_identify(mujoco-3.2.0/model/plugin/elasticity) by extension 'ignore'
[0.405s] Level 1:colcon.colcon_core.package_identification:_identify(mujoco-3.2.0/model/plugin/elasticity) by extension 'ignore_ament_install'
[0.405s] Level 1:colcon.colcon_core.package_identification:_identify(mujoco-3.2.0/model/plugin/elasticity) by extensions ['colcon_pkg']
[0.405s] Level 1:colcon.colcon_core.package_identification:_identify(mujoco-3.2.0/model/plugin/elasticity) by extension 'colcon_pkg'
[0.405s] Level 1:colcon.colcon_core.package_identification:_identify(mujoco-3.2.0/model/plugin/elasticity) by extensions ['colcon_meta']
[0.405s] Level 1:colcon.colcon_core.package_identification:_identify(mujoco-3.2.0/model/plugin/elasticity) by extension 'colcon_meta'
[0.405s] Level 1:colcon.colcon_core.package_identification:_identify(mujoco-3.2.0/model/plugin/elasticity) by extensions ['ros']
[0.405s] Level 1:colcon.colcon_core.package_identification:_identify(mujoco-3.2.0/model/plugin/elasticity) by extension 'ros'
[0.405s] Level 1:colcon.colcon_core.package_identification:_identify(mujoco-3.2.0/model/plugin/elasticity) by extensions ['cmake', 'python']
[0.405s] Level 1:colcon.colcon_core.package_identification:_identify(mujoco-3.2.0/model/plugin/elasticity) by extension 'cmake'
[0.405s] Level 1:colcon.colcon_core.package_identification:_identify(mujoco-3.2.0/model/plugin/elasticity) by extension 'python'
[0.405s] Level 1:colcon.colcon_core.package_identification:_identify(mujoco-3.2.0/model/plugin/elasticity) by extensions ['python_setup_py']
[0.405s] Level 1:colcon.colcon_core.package_identification:_identify(mujoco-3.2.0/model/plugin/elasticity) by extension 'python_setup_py'
[0.405s] Level 1:colcon.colcon_core.package_identification:_identify(mujoco-3.2.0/model/plugin/sdf) by extensions ['ignore', 'ignore_ament_install']
[0.406s] Level 1:colcon.colcon_core.package_identification:_identify(mujoco-3.2.0/model/plugin/sdf) by extension 'ignore'
[0.406s] Level 1:colcon.colcon_core.package_identification:_identify(mujoco-3.2.0/model/plugin/sdf) by extension 'ignore_ament_install'
[0.406s] Level 1:colcon.colcon_core.package_identification:_identify(mujoco-3.2.0/model/plugin/sdf) by extensions ['colcon_pkg']
[0.406s] Level 1:colcon.colcon_core.package_identification:_identify(mujoco-3.2.0/model/plugin/sdf) by extension 'colcon_pkg'
[0.406s] Level 1:colcon.colcon_core.package_identification:_identify(mujoco-3.2.0/model/plugin/sdf) by extensions ['colcon_meta']
[0.406s] Level 1:colcon.colcon_core.package_identification:_identify(mujoco-3.2.0/model/plugin/sdf) by extension 'colcon_meta'
[0.406s] Level 1:colcon.colcon_core.package_identification:_identify(mujoco-3.2.0/model/plugin/sdf) by extensions ['ros']
[0.406s] Level 1:colcon.colcon_core.package_identification:_identify(mujoco-3.2.0/model/plugin/sdf) by extension 'ros'
[0.406s] Level 1:colcon.colcon_core.package_identification:_identify(mujoco-3.2.0/model/plugin/sdf) by extensions ['cmake', 'python']
[0.406s] Level 1:colcon.colcon_core.package_identification:_identify(mujoco-3.2.0/model/plugin/sdf) by extension 'cmake'
[0.406s] Level 1:colcon.colcon_core.package_identification:_identify(mujoco-3.2.0/model/plugin/sdf) by extension 'python'
[0.406s] Level 1:colcon.colcon_core.package_identification:_identify(mujoco-3.2.0/model/plugin/sdf) by extensions ['python_setup_py']
[0.406s] Level 1:colcon.colcon_core.package_identification:_identify(mujoco-3.2.0/model/plugin/sdf) by extension 'python_setup_py'
[0.406s] Level 1:colcon.colcon_core.package_identification:_identify(mujoco-3.2.0/model/plugin/sdf/asset) by extensions ['ignore', 'ignore_ament_install']
[0.406s] Level 1:colcon.colcon_core.package_identification:_identify(mujoco-3.2.0/model/plugin/sdf/asset) by extension 'ignore'
[0.406s] Level 1:colcon.colcon_core.package_identification:_identify(mujoco-3.2.0/model/plugin/sdf/asset) by extension 'ignore_ament_install'
[0.406s] Level 1:colcon.colcon_core.package_identification:_identify(mujoco-3.2.0/model/plugin/sdf/asset) by extensions ['colcon_pkg']
[0.406s] Level 1:colcon.colcon_core.package_identification:_identify(mujoco-3.2.0/model/plugin/sdf/asset) by extension 'colcon_pkg'
[0.406s] Level 1:colcon.colcon_core.package_identification:_identify(mujoco-3.2.0/model/plugin/sdf/asset) by extensions ['colcon_meta']
[0.406s] Level 1:colcon.colcon_core.package_identification:_identify(mujoco-3.2.0/model/plugin/sdf/asset) by extension 'colcon_meta'
[0.406s] Level 1:colcon.colcon_core.package_identification:_identify(mujoco-3.2.0/model/plugin/sdf/asset) by extensions ['ros']
[0.406s] Level 1:colcon.colcon_core.package_identification:_identify(mujoco-3.2.0/model/plugin/sdf/asset) by extension 'ros'
[0.406s] Level 1:colcon.colcon_core.package_identification:_identify(mujoco-3.2.0/model/plugin/sdf/asset) by extensions ['cmake', 'python']
[0.406s] Level 1:colcon.colcon_core.package_identification:_identify(mujoco-3.2.0/model/plugin/sdf/asset) by extension 'cmake'
[0.406s] Level 1:colcon.colcon_core.package_identification:_identify(mujoco-3.2.0/model/plugin/sdf/asset) by extension 'python'
[0.406s] Level 1:colcon.colcon_core.package_identification:_identify(mujoco-3.2.0/model/plugin/sdf/asset) by extensions ['python_setup_py']
[0.407s] Level 1:colcon.colcon_core.package_identification:_identify(mujoco-3.2.0/model/plugin/sdf/asset) by extension 'python_setup_py'
[0.407s] Level 1:colcon.colcon_core.package_identification:_identify(mujoco-3.2.0/model/plugin/sensor) by extensions ['ignore', 'ignore_ament_install']
[0.407s] Level 1:colcon.colcon_core.package_identification:_identify(mujoco-3.2.0/model/plugin/sensor) by extension 'ignore'
[0.407s] Level 1:colcon.colcon_core.package_identification:_identify(mujoco-3.2.0/model/plugin/sensor) by extension 'ignore_ament_install'
[0.407s] Level 1:colcon.colcon_core.package_identification:_identify(mujoco-3.2.0/model/plugin/sensor) by extensions ['colcon_pkg']
[0.407s] Level 1:colcon.colcon_core.package_identification:_identify(mujoco-3.2.0/model/plugin/sensor) by extension 'colcon_pkg'
[0.407s] Level 1:colcon.colcon_core.package_identification:_identify(mujoco-3.2.0/model/plugin/sensor) by extensions ['colcon_meta']
[0.407s] Level 1:colcon.colcon_core.package_identification:_identify(mujoco-3.2.0/model/plugin/sensor) by extension 'colcon_meta'
[0.407s] Level 1:colcon.colcon_core.package_identification:_identify(mujoco-3.2.0/model/plugin/sensor) by extensions ['ros']
[0.407s] Level 1:colcon.colcon_core.package_identification:_identify(mujoco-3.2.0/model/plugin/sensor) by extension 'ros'
[0.407s] Level 1:colcon.colcon_core.package_identification:_identify(mujoco-3.2.0/model/plugin/sensor) by extensions ['cmake', 'python']
[0.407s] Level 1:colcon.colcon_core.package_identification:_identify(mujoco-3.2.0/model/plugin/sensor) by extension 'cmake'
[0.407s] Level 1:colcon.colcon_core.package_identification:_identify(mujoco-3.2.0/model/plugin/sensor) by extension 'python'
[0.407s] Level 1:colcon.colcon_core.package_identification:_identify(mujoco-3.2.0/model/plugin/sensor) by extensions ['python_setup_py']
[0.407s] Level 1:colcon.colcon_core.package_identification:_identify(mujoco-3.2.0/model/plugin/sensor) by extension 'python_setup_py'
[0.407s] Level 1:colcon.colcon_core.package_identification:_identify(mujoco-3.2.0/model/replicate) by extensions ['ignore', 'ignore_ament_install']
[0.407s] Level 1:colcon.colcon_core.package_identification:_identify(mujoco-3.2.0/model/replicate) by extension 'ignore'
[0.407s] Level 1:colcon.colcon_core.package_identification:_identify(mujoco-3.2.0/model/replicate) by extension 'ignore_ament_install'
[0.407s] Level 1:colcon.colcon_core.package_identification:_identify(mujoco-3.2.0/model/replicate) by extensions ['colcon_pkg']
[0.407s] Level 1:colcon.colcon_core.package_identification:_identify(mujoco-3.2.0/model/replicate) by extension 'colcon_pkg'
[0.407s] Level 1:colcon.colcon_core.package_identification:_identify(mujoco-3.2.0/model/replicate) by extensions ['colcon_meta']
[0.407s] Level 1:colcon.colcon_core.package_identification:_identify(mujoco-3.2.0/model/replicate) by extension 'colcon_meta'
[0.407s] Level 1:colcon.colcon_core.package_identification:_identify(mujoco-3.2.0/model/replicate) by extensions ['ros']
[0.407s] Level 1:colcon.colcon_core.package_identification:_identify(mujoco-3.2.0/model/replicate) by extension 'ros'
[0.408s] Level 1:colcon.colcon_core.package_identification:_identify(mujoco-3.2.0/model/replicate) by extensions ['cmake', 'python']
[0.408s] Level 1:colcon.colcon_core.package_identification:_identify(mujoco-3.2.0/model/replicate) by extension 'cmake'
[0.408s] Level 1:colcon.colcon_core.package_identification:_identify(mujoco-3.2.0/model/replicate) by extension 'python'
[0.408s] Level 1:colcon.colcon_core.package_identification:_identify(mujoco-3.2.0/model/replicate) by extensions ['python_setup_py']
[0.408s] Level 1:colcon.colcon_core.package_identification:_identify(mujoco-3.2.0/model/replicate) by extension 'python_setup_py'
[0.408s] Level 1:colcon.colcon_core.package_identification:_identify(mujoco-3.2.0/model/slider_crank) by extensions ['ignore', 'ignore_ament_install']
[0.408s] Level 1:colcon.colcon_core.package_identification:_identify(mujoco-3.2.0/model/slider_crank) by extension 'ignore'
[0.408s] Level 1:colcon.colcon_core.package_identification:_identify(mujoco-3.2.0/model/slider_crank) by extension 'ignore_ament_install'
[0.408s] Level 1:colcon.colcon_core.package_identification:_identify(mujoco-3.2.0/model/slider_crank) by extensions ['colcon_pkg']
[0.408s] Level 1:colcon.colcon_core.package_identification:_identify(mujoco-3.2.0/model/slider_crank) by extension 'colcon_pkg'
[0.408s] Level 1:colcon.colcon_core.package_identification:_identify(mujoco-3.2.0/model/slider_crank) by extensions ['colcon_meta']
[0.408s] Level 1:colcon.colcon_core.package_identification:_identify(mujoco-3.2.0/model/slider_crank) by extension 'colcon_meta'
[0.408s] Level 1:colcon.colcon_core.package_identification:_identify(mujoco-3.2.0/model/slider_crank) by extensions ['ros']
[0.408s] Level 1:colcon.colcon_core.package_identification:_identify(mujoco-3.2.0/model/slider_crank) by extension 'ros'
[0.408s] Level 1:colcon.colcon_core.package_identification:_identify(mujoco-3.2.0/model/slider_crank) by extensions ['cmake', 'python']
[0.408s] Level 1:colcon.colcon_core.package_identification:_identify(mujoco-3.2.0/model/slider_crank) by extension 'cmake'
[0.408s] Level 1:colcon.colcon_core.package_identification:_identify(mujoco-3.2.0/model/slider_crank) by extension 'python'
[0.408s] Level 1:colcon.colcon_core.package_identification:_identify(mujoco-3.2.0/model/slider_crank) by extensions ['python_setup_py']
[0.408s] Level 1:colcon.colcon_core.package_identification:_identify(mujoco-3.2.0/model/slider_crank) by extension 'python_setup_py'
[0.408s] Level 1:colcon.colcon_core.package_identification:_identify(mujoco-3.2.0/model/tendon_arm) by extensions ['ignore', 'ignore_ament_install']
[0.408s] Level 1:colcon.colcon_core.package_identification:_identify(mujoco-3.2.0/model/tendon_arm) by extension 'ignore'
[0.408s] Level 1:colcon.colcon_core.package_identification:_identify(mujoco-3.2.0/model/tendon_arm) by extension 'ignore_ament_install'
[0.408s] Level 1:colcon.colcon_core.package_identification:_identify(mujoco-3.2.0/model/tendon_arm) by extensions ['colcon_pkg']
[0.409s] Level 1:colcon.colcon_core.package_identification:_identify(mujoco-3.2.0/model/tendon_arm) by extension 'colcon_pkg'
[0.409s] Level 1:colcon.colcon_core.package_identification:_identify(mujoco-3.2.0/model/tendon_arm) by extensions ['colcon_meta']
[0.409s] Level 1:colcon.colcon_core.package_identification:_identify(mujoco-3.2.0/model/tendon_arm) by extension 'colcon_meta'
[0.409s] Level 1:colcon.colcon_core.package_identification:_identify(mujoco-3.2.0/model/tendon_arm) by extensions ['ros']
[0.409s] Level 1:colcon.colcon_core.package_identification:_identify(mujoco-3.2.0/model/tendon_arm) by extension 'ros'
[0.409s] Level 1:colcon.colcon_core.package_identification:_identify(mujoco-3.2.0/model/tendon_arm) by extensions ['cmake', 'python']
[0.409s] Level 1:colcon.colcon_core.package_identification:_identify(mujoco-3.2.0/model/tendon_arm) by extension 'cmake'
[0.409s] Level 1:colcon.colcon_core.package_identification:_identify(mujoco-3.2.0/model/tendon_arm) by extension 'python'
[0.409s] Level 1:colcon.colcon_core.package_identification:_identify(mujoco-3.2.0/model/tendon_arm) by extensions ['python_setup_py']
[0.409s] Level 1:colcon.colcon_core.package_identification:_identify(mujoco-3.2.0/model/tendon_arm) by extension 'python_setup_py'
[0.409s] Level 1:colcon.colcon_core.package_identification:_identify(mujoco-3.2.0/sample) by extensions ['ignore', 'ignore_ament_install']
[0.409s] Level 1:colcon.colcon_core.package_identification:_identify(mujoco-3.2.0/sample) by extension 'ignore'
[0.409s] Level 1:colcon.colcon_core.package_identification:_identify(mujoco-3.2.0/sample) by extension 'ignore_ament_install'
[0.409s] Level 1:colcon.colcon_core.package_identification:_identify(mujoco-3.2.0/sample) by extensions ['colcon_pkg']
[0.409s] Level 1:colcon.colcon_core.package_identification:_identify(mujoco-3.2.0/sample) by extension 'colcon_pkg'
[0.409s] Level 1:colcon.colcon_core.package_identification:_identify(mujoco-3.2.0/sample) by extensions ['colcon_meta']
[0.409s] Level 1:colcon.colcon_core.package_identification:_identify(mujoco-3.2.0/sample) by extension 'colcon_meta'
[0.409s] Level 1:colcon.colcon_core.package_identification:_identify(mujoco-3.2.0/sample) by extensions ['ros']
[0.409s] Level 1:colcon.colcon_core.package_identification:_identify(mujoco-3.2.0/sample) by extension 'ros'
[0.409s] Level 1:colcon.colcon_core.package_identification:_identify(mujoco-3.2.0/sample) by extensions ['cmake', 'python']
[0.409s] Level 1:colcon.colcon_core.package_identification:_identify(mujoco-3.2.0/sample) by extension 'cmake'
[0.409s] Level 1:colcon.colcon_core.package_identification:_identify(mujoco-3.2.0/sample) by extension 'python'
[0.409s] Level 1:colcon.colcon_core.package_identification:_identify(mujoco-3.2.0/sample) by extensions ['python_setup_py']
[0.410s] Level 1:colcon.colcon_core.package_identification:_identify(mujoco-3.2.0/sample) by extension 'python_setup_py'
[0.410s] Level 1:colcon.colcon_core.package_identification:_identify(mujoco-3.2.0/sample/cmake) by extensions ['ignore', 'ignore_ament_install']
[0.410s] Level 1:colcon.colcon_core.package_identification:_identify(mujoco-3.2.0/sample/cmake) by extension 'ignore'
[0.410s] Level 1:colcon.colcon_core.package_identification:_identify(mujoco-3.2.0/sample/cmake) by extension 'ignore_ament_install'
[0.410s] Level 1:colcon.colcon_core.package_identification:_identify(mujoco-3.2.0/sample/cmake) by extensions ['colcon_pkg']
[0.410s] Level 1:colcon.colcon_core.package_identification:_identify(mujoco-3.2.0/sample/cmake) by extension 'colcon_pkg'
[0.410s] Level 1:colcon.colcon_core.package_identification:_identify(mujoco-3.2.0/sample/cmake) by extensions ['colcon_meta']
[0.410s] Level 1:colcon.colcon_core.package_identification:_identify(mujoco-3.2.0/sample/cmake) by extension 'colcon_meta'
[0.410s] Level 1:colcon.colcon_core.package_identification:_identify(mujoco-3.2.0/sample/cmake) by extensions ['ros']
[0.410s] Level 1:colcon.colcon_core.package_identification:_identify(mujoco-3.2.0/sample/cmake) by extension 'ros'
[0.410s] Level 1:colcon.colcon_core.package_identification:_identify(mujoco-3.2.0/sample/cmake) by extensions ['cmake', 'python']
[0.410s] Level 1:colcon.colcon_core.package_identification:_identify(mujoco-3.2.0/sample/cmake) by extension 'cmake'
[0.410s] Level 1:colcon.colcon_core.package_identification:_identify(mujoco-3.2.0/sample/cmake) by extension 'python'
[0.410s] Level 1:colcon.colcon_core.package_identification:_identify(mujoco-3.2.0/sample/cmake) by extensions ['python_setup_py']
[0.410s] Level 1:colcon.colcon_core.package_identification:_identify(mujoco-3.2.0/sample/cmake) by extension 'python_setup_py'
[0.410s] Level 1:colcon.colcon_core.package_identification:_identify(mujoco-3.2.0/simulate) by extensions ['ignore', 'ignore_ament_install']
[0.411s] Level 1:colcon.colcon_core.package_identification:_identify(mujoco-3.2.0/simulate) by extension 'ignore'
[0.411s] Level 1:colcon.colcon_core.package_identification:_identify(mujoco-3.2.0/simulate) by extension 'ignore_ament_install'
[0.411s] Level 1:colcon.colcon_core.package_identification:_identify(mujoco-3.2.0/simulate) by extensions ['colcon_pkg']
[0.411s] Level 1:colcon.colcon_core.package_identification:_identify(mujoco-3.2.0/simulate) by extension 'colcon_pkg'
[0.411s] Level 1:colcon.colcon_core.package_identification:_identify(mujoco-3.2.0/simulate) by extensions ['colcon_meta']
[0.411s] Level 1:colcon.colcon_core.package_identification:_identify(mujoco-3.2.0/simulate) by extension 'colcon_meta'
[0.411s] Level 1:colcon.colcon_core.package_identification:_identify(mujoco-3.2.0/simulate) by extensions ['ros']
[0.411s] Level 1:colcon.colcon_core.package_identification:_identify(mujoco-3.2.0/simulate) by extension 'ros'
[0.411s] Level 1:colcon.colcon_core.package_identification:_identify(mujoco-3.2.0/simulate) by extensions ['cmake', 'python']
[0.411s] Level 1:colcon.colcon_core.package_identification:_identify(mujoco-3.2.0/simulate) by extension 'cmake'
[0.411s] Level 1:colcon.colcon_core.package_identification:_identify(mujoco-3.2.0/simulate) by extension 'python'
[0.411s] Level 1:colcon.colcon_core.package_identification:_identify(mujoco-3.2.0/simulate) by extensions ['python_setup_py']
[0.411s] Level 1:colcon.colcon_core.package_identification:_identify(mujoco-3.2.0/simulate) by extension 'python_setup_py'
[0.411s] Level 1:colcon.colcon_core.package_identification:_identify(mujoco-3.2.0/simulate/cmake) by extensions ['ignore', 'ignore_ament_install']
[0.411s] Level 1:colcon.colcon_core.package_identification:_identify(mujoco-3.2.0/simulate/cmake) by extension 'ignore'
[0.411s] Level 1:colcon.colcon_core.package_identification:_identify(mujoco-3.2.0/simulate/cmake) by extension 'ignore_ament_install'
[0.411s] Level 1:colcon.colcon_core.package_identification:_identify(mujoco-3.2.0/simulate/cmake) by extensions ['colcon_pkg']
[0.411s] Level 1:colcon.colcon_core.package_identification:_identify(mujoco-3.2.0/simulate/cmake) by extension 'colcon_pkg'
[0.411s] Level 1:colcon.colcon_core.package_identification:_identify(mujoco-3.2.0/simulate/cmake) by extensions ['colcon_meta']
[0.411s] Level 1:colcon.colcon_core.package_identification:_identify(mujoco-3.2.0/simulate/cmake) by extension 'colcon_meta'
[0.411s] Level 1:colcon.colcon_core.package_identification:_identify(mujoco-3.2.0/simulate/cmake) by extensions ['ros']
[0.412s] Level 1:colcon.colcon_core.package_identification:_identify(mujoco-3.2.0/simulate/cmake) by extension 'ros'
[0.412s] Level 1:colcon.colcon_core.package_identification:_identify(mujoco-3.2.0/simulate/cmake) by extensions ['cmake', 'python']
[0.412s] Level 1:colcon.colcon_core.package_identification:_identify(mujoco-3.2.0/simulate/cmake) by extension 'cmake'
[0.412s] Level 1:colcon.colcon_core.package_identification:_identify(mujoco-3.2.0/simulate/cmake) by extension 'python'
[0.412s] Level 1:colcon.colcon_core.package_identification:_identify(mujoco-3.2.0/simulate/cmake) by extensions ['python_setup_py']
[0.412s] Level 1:colcon.colcon_core.package_identification:_identify(mujoco-3.2.0/simulate/cmake) by extension 'python_setup_py'
[0.412s] Level 1:colcon.colcon_core.package_identification:_identify(mujoco-3.2.0-old) by extensions ['ignore', 'ignore_ament_install']
[0.412s] Level 1:colcon.colcon_core.package_identification:_identify(mujoco-3.2.0-old) by extension 'ignore'
[0.412s] Level 1:colcon.colcon_core.package_identification:_identify(mujoco-3.2.0-old) by extension 'ignore_ament_install'
[0.412s] Level 1:colcon.colcon_core.package_identification:_identify(mujoco-3.2.0-old) by extensions ['colcon_pkg']
[0.412s] Level 1:colcon.colcon_core.package_identification:_identify(mujoco-3.2.0-old) by extension 'colcon_pkg'
[0.412s] Level 1:colcon.colcon_core.package_identification:_identify(mujoco-3.2.0-old) by extensions ['colcon_meta']
[0.412s] Level 1:colcon.colcon_core.package_identification:_identify(mujoco-3.2.0-old) by extension 'colcon_meta'
[0.412s] Level 1:colcon.colcon_core.package_identification:_identify(mujoco-3.2.0-old) by extensions ['ros']
[0.412s] Level 1:colcon.colcon_core.package_identification:_identify(mujoco-3.2.0-old) by extension 'ros'
[0.412s] Level 1:colcon.colcon_core.package_identification:_identify(mujoco-3.2.0-old) by extensions ['cmake', 'python']
[0.412s] Level 1:colcon.colcon_core.package_identification:_identify(mujoco-3.2.0-old) by extension 'cmake'
[0.412s] Level 1:colcon.colcon_core.package_identification:_identify(mujoco-3.2.0-old) by extension 'python'
[0.412s] Level 1:colcon.colcon_core.package_identification:_identify(mujoco-3.2.0-old) by extensions ['python_setup_py']
[0.412s] Level 1:colcon.colcon_core.package_identification:_identify(mujoco-3.2.0-old) by extension 'python_setup_py'
[0.412s] Level 1:colcon.colcon_core.package_identification:_identify(mujoco-3.2.0-old/bin) by extensions ['ignore', 'ignore_ament_install']
[0.412s] Level 1:colcon.colcon_core.package_identification:_identify(mujoco-3.2.0-old/bin) by extension 'ignore'
[0.412s] Level 1:colcon.colcon_core.package_identification:_identify(mujoco-3.2.0-old/bin) by extension 'ignore_ament_install'
[0.412s] Level 1:colcon.colcon_core.package_identification:_identify(mujoco-3.2.0-old/bin) by extensions ['colcon_pkg']
[0.412s] Level 1:colcon.colcon_core.package_identification:_identify(mujoco-3.2.0-old/bin) by extension 'colcon_pkg'
[0.412s] Level 1:colcon.colcon_core.package_identification:_identify(mujoco-3.2.0-old/bin) by extensions ['colcon_meta']
[0.412s] Level 1:colcon.colcon_core.package_identification:_identify(mujoco-3.2.0-old/bin) by extension 'colcon_meta'
[0.413s] Level 1:colcon.colcon_core.package_identification:_identify(mujoco-3.2.0-old/bin) by extensions ['ros']
[0.413s] Level 1:colcon.colcon_core.package_identification:_identify(mujoco-3.2.0-old/bin) by extension 'ros'
[0.413s] Level 1:colcon.colcon_core.package_identification:_identify(mujoco-3.2.0-old/bin) by extensions ['cmake', 'python']
[0.413s] Level 1:colcon.colcon_core.package_identification:_identify(mujoco-3.2.0-old/bin) by extension 'cmake'
[0.413s] Level 1:colcon.colcon_core.package_identification:_identify(mujoco-3.2.0-old/bin) by extension 'python'
[0.413s] Level 1:colcon.colcon_core.package_identification:_identify(mujoco-3.2.0-old/bin) by extensions ['python_setup_py']
[0.413s] Level 1:colcon.colcon_core.package_identification:_identify(mujoco-3.2.0-old/bin) by extension 'python_setup_py'
[0.413s] Level 1:colcon.colcon_core.package_identification:_identify(mujoco-3.2.0-old/bin/mujoco_plugin) by extensions ['ignore', 'ignore_ament_install']
[0.413s] Level 1:colcon.colcon_core.package_identification:_identify(mujoco-3.2.0-old/bin/mujoco_plugin) by extension 'ignore'
[0.413s] Level 1:colcon.colcon_core.package_identification:_identify(mujoco-3.2.0-old/bin/mujoco_plugin) by extension 'ignore_ament_install'
[0.413s] Level 1:colcon.colcon_core.package_identification:_identify(mujoco-3.2.0-old/bin/mujoco_plugin) by extensions ['colcon_pkg']
[0.413s] Level 1:colcon.colcon_core.package_identification:_identify(mujoco-3.2.0-old/bin/mujoco_plugin) by extension 'colcon_pkg'
[0.413s] Level 1:colcon.colcon_core.package_identification:_identify(mujoco-3.2.0-old/bin/mujoco_plugin) by extensions ['colcon_meta']
[0.413s] Level 1:colcon.colcon_core.package_identification:_identify(mujoco-3.2.0-old/bin/mujoco_plugin) by extension 'colcon_meta'
[0.413s] Level 1:colcon.colcon_core.package_identification:_identify(mujoco-3.2.0-old/bin/mujoco_plugin) by extensions ['ros']
[0.413s] Level 1:colcon.colcon_core.package_identification:_identify(mujoco-3.2.0-old/bin/mujoco_plugin) by extension 'ros'
[0.413s] Level 1:colcon.colcon_core.package_identification:_identify(mujoco-3.2.0-old/bin/mujoco_plugin) by extensions ['cmake', 'python']
[0.413s] Level 1:colcon.colcon_core.package_identification:_identify(mujoco-3.2.0-old/bin/mujoco_plugin) by extension 'cmake'
[0.413s] Level 1:colcon.colcon_core.package_identification:_identify(mujoco-3.2.0-old/bin/mujoco_plugin) by extension 'python'
[0.413s] Level 1:colcon.colcon_core.package_identification:_identify(mujoco-3.2.0-old/bin/mujoco_plugin) by extensions ['python_setup_py']
[0.413s] Level 1:colcon.colcon_core.package_identification:_identify(mujoco-3.2.0-old/bin/mujoco_plugin) by extension 'python_setup_py'
[0.413s] Level 1:colcon.colcon_core.package_identification:_identify(mujoco-3.2.0-old/include) by extensions ['ignore', 'ignore_ament_install']
[0.413s] Level 1:colcon.colcon_core.package_identification:_identify(mujoco-3.2.0-old/include) by extension 'ignore'
[0.413s] Level 1:colcon.colcon_core.package_identification:_identify(mujoco-3.2.0-old/include) by extension 'ignore_ament_install'
[0.413s] Level 1:colcon.colcon_core.package_identification:_identify(mujoco-3.2.0-old/include) by extensions ['colcon_pkg']
[0.413s] Level 1:colcon.colcon_core.package_identification:_identify(mujoco-3.2.0-old/include) by extension 'colcon_pkg'
[0.413s] Level 1:colcon.colcon_core.package_identification:_identify(mujoco-3.2.0-old/include) by extensions ['colcon_meta']
[0.413s] Level 1:colcon.colcon_core.package_identification:_identify(mujoco-3.2.0-old/include) by extension 'colcon_meta'
[0.413s] Level 1:colcon.colcon_core.package_identification:_identify(mujoco-3.2.0-old/include) by extensions ['ros']
[0.413s] Level 1:colcon.colcon_core.package_identification:_identify(mujoco-3.2.0-old/include) by extension 'ros'
[0.413s] Level 1:colcon.colcon_core.package_identification:_identify(mujoco-3.2.0-old/include) by extensions ['cmake', 'python']
[0.413s] Level 1:colcon.colcon_core.package_identification:_identify(mujoco-3.2.0-old/include) by extension 'cmake'
[0.413s] Level 1:colcon.colcon_core.package_identification:_identify(mujoco-3.2.0-old/include) by extension 'python'
[0.414s] Level 1:colcon.colcon_core.package_identification:_identify(mujoco-3.2.0-old/include) by extensions ['python_setup_py']
[0.414s] Level 1:colcon.colcon_core.package_identification:_identify(mujoco-3.2.0-old/include) by extension 'python_setup_py'
[0.414s] Level 1:colcon.colcon_core.package_identification:_identify(mujoco-3.2.0-old/include/mujoco) by extensions ['ignore', 'ignore_ament_install']
[0.414s] Level 1:colcon.colcon_core.package_identification:_identify(mujoco-3.2.0-old/include/mujoco) by extension 'ignore'
[0.414s] Level 1:colcon.colcon_core.package_identification:_identify(mujoco-3.2.0-old/include/mujoco) by extension 'ignore_ament_install'
[0.414s] Level 1:colcon.colcon_core.package_identification:_identify(mujoco-3.2.0-old/include/mujoco) by extensions ['colcon_pkg']
[0.414s] Level 1:colcon.colcon_core.package_identification:_identify(mujoco-3.2.0-old/include/mujoco) by extension 'colcon_pkg'
[0.414s] Level 1:colcon.colcon_core.package_identification:_identify(mujoco-3.2.0-old/include/mujoco) by extensions ['colcon_meta']
[0.414s] Level 1:colcon.colcon_core.package_identification:_identify(mujoco-3.2.0-old/include/mujoco) by extension 'colcon_meta'
[0.414s] Level 1:colcon.colcon_core.package_identification:_identify(mujoco-3.2.0-old/include/mujoco) by extensions ['ros']
[0.414s] Level 1:colcon.colcon_core.package_identification:_identify(mujoco-3.2.0-old/include/mujoco) by extension 'ros'
[0.414s] Level 1:colcon.colcon_core.package_identification:_identify(mujoco-3.2.0-old/include/mujoco) by extensions ['cmake', 'python']
[0.414s] Level 1:colcon.colcon_core.package_identification:_identify(mujoco-3.2.0-old/include/mujoco) by extension 'cmake'
[0.414s] Level 1:colcon.colcon_core.package_identification:_identify(mujoco-3.2.0-old/include/mujoco) by extension 'python'
[0.414s] Level 1:colcon.colcon_core.package_identification:_identify(mujoco-3.2.0-old/include/mujoco) by extensions ['python_setup_py']
[0.414s] Level 1:colcon.colcon_core.package_identification:_identify(mujoco-3.2.0-old/include/mujoco) by extension 'python_setup_py'
[0.414s] Level 1:colcon.colcon_core.package_identification:_identify(mujoco-3.2.0-old/lib) by extensions ['ignore', 'ignore_ament_install']
[0.414s] Level 1:colcon.colcon_core.package_identification:_identify(mujoco-3.2.0-old/lib) by extension 'ignore'
[0.414s] Level 1:colcon.colcon_core.package_identification:_identify(mujoco-3.2.0-old/lib) by extension 'ignore_ament_install'
[0.414s] Level 1:colcon.colcon_core.package_identification:_identify(mujoco-3.2.0-old/lib) by extensions ['colcon_pkg']
[0.414s] Level 1:colcon.colcon_core.package_identification:_identify(mujoco-3.2.0-old/lib) by extension 'colcon_pkg'
[0.414s] Level 1:colcon.colcon_core.package_identification:_identify(mujoco-3.2.0-old/lib) by extensions ['colcon_meta']
[0.414s] Level 1:colcon.colcon_core.package_identification:_identify(mujoco-3.2.0-old/lib) by extension 'colcon_meta'
[0.414s] Level 1:colcon.colcon_core.package_identification:_identify(mujoco-3.2.0-old/lib) by extensions ['ros']
[0.414s] Level 1:colcon.colcon_core.package_identification:_identify(mujoco-3.2.0-old/lib) by extension 'ros'
[0.414s] Level 1:colcon.colcon_core.package_identification:_identify(mujoco-3.2.0-old/lib) by extensions ['cmake', 'python']
[0.414s] Level 1:colcon.colcon_core.package_identification:_identify(mujoco-3.2.0-old/lib) by extension 'cmake'
[0.414s] Level 1:colcon.colcon_core.package_identification:_identify(mujoco-3.2.0-old/lib) by extension 'python'
[0.414s] Level 1:colcon.colcon_core.package_identification:_identify(mujoco-3.2.0-old/lib) by extensions ['python_setup_py']
[0.414s] Level 1:colcon.colcon_core.package_identification:_identify(mujoco-3.2.0-old/lib) by extension 'python_setup_py'
[0.414s] Level 1:colcon.colcon_core.package_identification:_identify(mujoco-3.2.0-old/model) by extensions ['ignore', 'ignore_ament_install']
[0.414s] Level 1:colcon.colcon_core.package_identification:_identify(mujoco-3.2.0-old/model) by extension 'ignore'
[0.415s] Level 1:colcon.colcon_core.package_identification:_identify(mujoco-3.2.0-old/model) by extension 'ignore_ament_install'
[0.415s] Level 1:colcon.colcon_core.package_identification:_identify(mujoco-3.2.0-old/model) by extensions ['colcon_pkg']
[0.415s] Level 1:colcon.colcon_core.package_identification:_identify(mujoco-3.2.0-old/model) by extension 'colcon_pkg'
[0.415s] Level 1:colcon.colcon_core.package_identification:_identify(mujoco-3.2.0-old/model) by extensions ['colcon_meta']
[0.415s] Level 1:colcon.colcon_core.package_identification:_identify(mujoco-3.2.0-old/model) by extension 'colcon_meta'
[0.415s] Level 1:colcon.colcon_core.package_identification:_identify(mujoco-3.2.0-old/model) by extensions ['ros']
[0.415s] Level 1:colcon.colcon_core.package_identification:_identify(mujoco-3.2.0-old/model) by extension 'ros'
[0.415s] Level 1:colcon.colcon_core.package_identification:_identify(mujoco-3.2.0-old/model) by extensions ['cmake', 'python']
[0.415s] Level 1:colcon.colcon_core.package_identification:_identify(mujoco-3.2.0-old/model) by extension 'cmake'
[0.415s] Level 1:colcon.colcon_core.package_identification:_identify(mujoco-3.2.0-old/model) by extension 'python'
[0.415s] Level 1:colcon.colcon_core.package_identification:_identify(mujoco-3.2.0-old/model) by extensions ['python_setup_py']
[0.415s] Level 1:colcon.colcon_core.package_identification:_identify(mujoco-3.2.0-old/model) by extension 'python_setup_py'
[0.415s] Level 1:colcon.colcon_core.package_identification:_identify(mujoco-3.2.0-old/model/adhesion) by extensions ['ignore', 'ignore_ament_install']
[0.415s] Level 1:colcon.colcon_core.package_identification:_identify(mujoco-3.2.0-old/model/adhesion) by extension 'ignore'
[0.415s] Level 1:colcon.colcon_core.package_identification:_identify(mujoco-3.2.0-old/model/adhesion) by extension 'ignore_ament_install'
[0.415s] Level 1:colcon.colcon_core.package_identification:_identify(mujoco-3.2.0-old/model/adhesion) by extensions ['colcon_pkg']
[0.415s] Level 1:colcon.colcon_core.package_identification:_identify(mujoco-3.2.0-old/model/adhesion) by extension 'colcon_pkg'
[0.415s] Level 1:colcon.colcon_core.package_identification:_identify(mujoco-3.2.0-old/model/adhesion) by extensions ['colcon_meta']
[0.415s] Level 1:colcon.colcon_core.package_identification:_identify(mujoco-3.2.0-old/model/adhesion) by extension 'colcon_meta'
[0.415s] Level 1:colcon.colcon_core.package_identification:_identify(mujoco-3.2.0-old/model/adhesion) by extensions ['ros']
[0.415s] Level 1:colcon.colcon_core.package_identification:_identify(mujoco-3.2.0-old/model/adhesion) by extension 'ros'
[0.415s] Level 1:colcon.colcon_core.package_identification:_identify(mujoco-3.2.0-old/model/adhesion) by extensions ['cmake', 'python']
[0.415s] Level 1:colcon.colcon_core.package_identification:_identify(mujoco-3.2.0-old/model/adhesion) by extension 'cmake'
[0.415s] Level 1:colcon.colcon_core.package_identification:_identify(mujoco-3.2.0-old/model/adhesion) by extension 'python'
[0.416s] Level 1:colcon.colcon_core.package_identification:_identify(mujoco-3.2.0-old/model/adhesion) by extensions ['python_setup_py']
[0.416s] Level 1:colcon.colcon_core.package_identification:_identify(mujoco-3.2.0-old/model/adhesion) by extension 'python_setup_py'
[0.416s] Level 1:colcon.colcon_core.package_identification:_identify(mujoco-3.2.0-old/model/balloons) by extensions ['ignore', 'ignore_ament_install']
[0.416s] Level 1:colcon.colcon_core.package_identification:_identify(mujoco-3.2.0-old/model/balloons) by extension 'ignore'
[0.416s] Level 1:colcon.colcon_core.package_identification:_identify(mujoco-3.2.0-old/model/balloons) by extension 'ignore_ament_install'
[0.416s] Level 1:colcon.colcon_core.package_identification:_identify(mujoco-3.2.0-old/model/balloons) by extensions ['colcon_pkg']
[0.416s] Level 1:colcon.colcon_core.package_identification:_identify(mujoco-3.2.0-old/model/balloons) by extension 'colcon_pkg'
[0.416s] Level 1:colcon.colcon_core.package_identification:_identify(mujoco-3.2.0-old/model/balloons) by extensions ['colcon_meta']
[0.416s] Level 1:colcon.colcon_core.package_identification:_identify(mujoco-3.2.0-old/model/balloons) by extension 'colcon_meta'
[0.416s] Level 1:colcon.colcon_core.package_identification:_identify(mujoco-3.2.0-old/model/balloons) by extensions ['ros']
[0.416s] Level 1:colcon.colcon_core.package_identification:_identify(mujoco-3.2.0-old/model/balloons) by extension 'ros'
[0.416s] Level 1:colcon.colcon_core.package_identification:_identify(mujoco-3.2.0-old/model/balloons) by extensions ['cmake', 'python']
[0.416s] Level 1:colcon.colcon_core.package_identification:_identify(mujoco-3.2.0-old/model/balloons) by extension 'cmake'
[0.416s] Level 1:colcon.colcon_core.package_identification:_identify(mujoco-3.2.0-old/model/balloons) by extension 'python'
[0.416s] Level 1:colcon.colcon_core.package_identification:_identify(mujoco-3.2.0-old/model/balloons) by extensions ['python_setup_py']
[0.416s] Level 1:colcon.colcon_core.package_identification:_identify(mujoco-3.2.0-old/model/balloons) by extension 'python_setup_py'
[0.416s] Level 1:colcon.colcon_core.package_identification:_identify(mujoco-3.2.0-old/model/car) by extensions ['ignore', 'ignore_ament_install']
[0.416s] Level 1:colcon.colcon_core.package_identification:_identify(mujoco-3.2.0-old/model/car) by extension 'ignore'
[0.416s] Level 1:colcon.colcon_core.package_identification:_identify(mujoco-3.2.0-old/model/car) by extension 'ignore_ament_install'
[0.416s] Level 1:colcon.colcon_core.package_identification:_identify(mujoco-3.2.0-old/model/car) by extensions ['colcon_pkg']
[0.416s] Level 1:colcon.colcon_core.package_identification:_identify(mujoco-3.2.0-old/model/car) by extension 'colcon_pkg'
[0.416s] Level 1:colcon.colcon_core.package_identification:_identify(mujoco-3.2.0-old/model/car) by extensions ['colcon_meta']
[0.416s] Level 1:colcon.colcon_core.package_identification:_identify(mujoco-3.2.0-old/model/car) by extension 'colcon_meta'
[0.417s] Level 1:colcon.colcon_core.package_identification:_identify(mujoco-3.2.0-old/model/car) by extensions ['ros']
[0.417s] Level 1:colcon.colcon_core.package_identification:_identify(mujoco-3.2.0-old/model/car) by extension 'ros'
[0.417s] Level 1:colcon.colcon_core.package_identification:_identify(mujoco-3.2.0-old/model/car) by extensions ['cmake', 'python']
[0.417s] Level 1:colcon.colcon_core.package_identification:_identify(mujoco-3.2.0-old/model/car) by extension 'cmake'
[0.417s] Level 1:colcon.colcon_core.package_identification:_identify(mujoco-3.2.0-old/model/car) by extension 'python'
[0.417s] Level 1:colcon.colcon_core.package_identification:_identify(mujoco-3.2.0-old/model/car) by extensions ['python_setup_py']
[0.417s] Level 1:colcon.colcon_core.package_identification:_identify(mujoco-3.2.0-old/model/car) by extension 'python_setup_py'
[0.417s] Level 1:colcon.colcon_core.package_identification:_identify(mujoco-3.2.0-old/model/cards) by extensions ['ignore', 'ignore_ament_install']
[0.417s] Level 1:colcon.colcon_core.package_identification:_identify(mujoco-3.2.0-old/model/cards) by extension 'ignore'
[0.417s] Level 1:colcon.colcon_core.package_identification:_identify(mujoco-3.2.0-old/model/cards) by extension 'ignore_ament_install'
[0.417s] Level 1:colcon.colcon_core.package_identification:_identify(mujoco-3.2.0-old/model/cards) by extensions ['colcon_pkg']
[0.417s] Level 1:colcon.colcon_core.package_identification:_identify(mujoco-3.2.0-old/model/cards) by extension 'colcon_pkg'
[0.417s] Level 1:colcon.colcon_core.package_identification:_identify(mujoco-3.2.0-old/model/cards) by extensions ['colcon_meta']
[0.417s] Level 1:colcon.colcon_core.package_identification:_identify(mujoco-3.2.0-old/model/cards) by extension 'colcon_meta'
[0.417s] Level 1:colcon.colcon_core.package_identification:_identify(mujoco-3.2.0-old/model/cards) by extensions ['ros']
[0.417s] Level 1:colcon.colcon_core.package_identification:_identify(mujoco-3.2.0-old/model/cards) by extension 'ros'
[0.417s] Level 1:colcon.colcon_core.package_identification:_identify(mujoco-3.2.0-old/model/cards) by extensions ['cmake', 'python']
[0.417s] Level 1:colcon.colcon_core.package_identification:_identify(mujoco-3.2.0-old/model/cards) by extension 'cmake'
[0.417s] Level 1:colcon.colcon_core.package_identification:_identify(mujoco-3.2.0-old/model/cards) by extension 'python'
[0.417s] Level 1:colcon.colcon_core.package_identification:_identify(mujoco-3.2.0-old/model/cards) by extensions ['python_setup_py']
[0.418s] Level 1:colcon.colcon_core.package_identification:_identify(mujoco-3.2.0-old/model/cards) by extension 'python_setup_py'
[0.418s] Level 1:colcon.colcon_core.package_identification:_identify(mujoco-3.2.0-old/model/cards/assets) by extensions ['ignore', 'ignore_ament_install']
[0.418s] Level 1:colcon.colcon_core.package_identification:_identify(mujoco-3.2.0-old/model/cards/assets) by extension 'ignore'
[0.418s] Level 1:colcon.colcon_core.package_identification:_identify(mujoco-3.2.0-old/model/cards/assets) by extension 'ignore_ament_install'
[0.418s] Level 1:colcon.colcon_core.package_identification:_identify(mujoco-3.2.0-old/model/cards/assets) by extensions ['colcon_pkg']
[0.418s] Level 1:colcon.colcon_core.package_identification:_identify(mujoco-3.2.0-old/model/cards/assets) by extension 'colcon_pkg'
[0.418s] Level 1:colcon.colcon_core.package_identification:_identify(mujoco-3.2.0-old/model/cards/assets) by extensions ['colcon_meta']
[0.418s] Level 1:colcon.colcon_core.package_identification:_identify(mujoco-3.2.0-old/model/cards/assets) by extension 'colcon_meta'
[0.418s] Level 1:colcon.colcon_core.package_identification:_identify(mujoco-3.2.0-old/model/cards/assets) by extensions ['ros']
[0.418s] Level 1:colcon.colcon_core.package_identification:_identify(mujoco-3.2.0-old/model/cards/assets) by extension 'ros'
[0.418s] Level 1:colcon.colcon_core.package_identification:_identify(mujoco-3.2.0-old/model/cards/assets) by extensions ['cmake', 'python']
[0.418s] Level 1:colcon.colcon_core.package_identification:_identify(mujoco-3.2.0-old/model/cards/assets) by extension 'cmake'
[0.418s] Level 1:colcon.colcon_core.package_identification:_identify(mujoco-3.2.0-old/model/cards/assets) by extension 'python'
[0.418s] Level 1:colcon.colcon_core.package_identification:_identify(mujoco-3.2.0-old/model/cards/assets) by extensions ['python_setup_py']
[0.418s] Level 1:colcon.colcon_core.package_identification:_identify(mujoco-3.2.0-old/model/cards/assets) by extension 'python_setup_py'
[0.419s] Level 1:colcon.colcon_core.package_identification:_identify(mujoco-3.2.0-old/model/composite) by extensions ['ignore', 'ignore_ament_install']
[0.419s] Level 1:colcon.colcon_core.package_identification:_identify(mujoco-3.2.0-old/model/composite) by extension 'ignore'
[0.419s] Level 1:colcon.colcon_core.package_identification:_identify(mujoco-3.2.0-old/model/composite) by extension 'ignore_ament_install'
[0.419s] Level 1:colcon.colcon_core.package_identification:_identify(mujoco-3.2.0-old/model/composite) by extensions ['colcon_pkg']
[0.419s] Level 1:colcon.colcon_core.package_identification:_identify(mujoco-3.2.0-old/model/composite) by extension 'colcon_pkg'
[0.419s] Level 1:colcon.colcon_core.package_identification:_identify(mujoco-3.2.0-old/model/composite) by extensions ['colcon_meta']
[0.419s] Level 1:colcon.colcon_core.package_identification:_identify(mujoco-3.2.0-old/model/composite) by extension 'colcon_meta'
[0.419s] Level 1:colcon.colcon_core.package_identification:_identify(mujoco-3.2.0-old/model/composite) by extensions ['ros']
[0.419s] Level 1:colcon.colcon_core.package_identification:_identify(mujoco-3.2.0-old/model/composite) by extension 'ros'
[0.419s] Level 1:colcon.colcon_core.package_identification:_identify(mujoco-3.2.0-old/model/composite) by extensions ['cmake', 'python']
[0.419s] Level 1:colcon.colcon_core.package_identification:_identify(mujoco-3.2.0-old/model/composite) by extension 'cmake'
[0.419s] Level 1:colcon.colcon_core.package_identification:_identify(mujoco-3.2.0-old/model/composite) by extension 'python'
[0.419s] Level 1:colcon.colcon_core.package_identification:_identify(mujoco-3.2.0-old/model/composite) by extensions ['python_setup_py']
[0.419s] Level 1:colcon.colcon_core.package_identification:_identify(mujoco-3.2.0-old/model/composite) by extension 'python_setup_py'
[0.419s] Level 1:colcon.colcon_core.package_identification:_identify(mujoco-3.2.0-old/model/composite/asset) by extensions ['ignore', 'ignore_ament_install']
[0.420s] Level 1:colcon.colcon_core.package_identification:_identify(mujoco-3.2.0-old/model/composite/asset) by extension 'ignore'
[0.420s] Level 1:colcon.colcon_core.package_identification:_identify(mujoco-3.2.0-old/model/composite/asset) by extension 'ignore_ament_install'
[0.420s] Level 1:colcon.colcon_core.package_identification:_identify(mujoco-3.2.0-old/model/composite/asset) by extensions ['colcon_pkg']
[0.420s] Level 1:colcon.colcon_core.package_identification:_identify(mujoco-3.2.0-old/model/composite/asset) by extension 'colcon_pkg'
[0.420s] Level 1:colcon.colcon_core.package_identification:_identify(mujoco-3.2.0-old/model/composite/asset) by extensions ['colcon_meta']
[0.420s] Level 1:colcon.colcon_core.package_identification:_identify(mujoco-3.2.0-old/model/composite/asset) by extension 'colcon_meta'
[0.420s] Level 1:colcon.colcon_core.package_identification:_identify(mujoco-3.2.0-old/model/composite/asset) by extensions ['ros']
[0.420s] Level 1:colcon.colcon_core.package_identification:_identify(mujoco-3.2.0-old/model/composite/asset) by extension 'ros'
[0.420s] Level 1:colcon.colcon_core.package_identification:_identify(mujoco-3.2.0-old/model/composite/asset) by extensions ['cmake', 'python']
[0.420s] Level 1:colcon.colcon_core.package_identification:_identify(mujoco-3.2.0-old/model/composite/asset) by extension 'cmake'
[0.420s] Level 1:colcon.colcon_core.package_identification:_identify(mujoco-3.2.0-old/model/composite/asset) by extension 'python'
[0.420s] Level 1:colcon.colcon_core.package_identification:_identify(mujoco-3.2.0-old/model/composite/asset) by extensions ['python_setup_py']
[0.420s] Level 1:colcon.colcon_core.package_identification:_identify(mujoco-3.2.0-old/model/composite/asset) by extension 'python_setup_py'
[0.420s] Level 1:colcon.colcon_core.package_identification:_identify(mujoco-3.2.0-old/model/cube) by extensions ['ignore', 'ignore_ament_install']
[0.420s] Level 1:colcon.colcon_core.package_identification:_identify(mujoco-3.2.0-old/model/cube) by extension 'ignore'
[0.420s] Level 1:colcon.colcon_core.package_identification:_identify(mujoco-3.2.0-old/model/cube) by extension 'ignore_ament_install'
[0.420s] Level 1:colcon.colcon_core.package_identification:_identify(mujoco-3.2.0-old/model/cube) by extensions ['colcon_pkg']
[0.420s] Level 1:colcon.colcon_core.package_identification:_identify(mujoco-3.2.0-old/model/cube) by extension 'colcon_pkg'
[0.420s] Level 1:colcon.colcon_core.package_identification:_identify(mujoco-3.2.0-old/model/cube) by extensions ['colcon_meta']
[0.420s] Level 1:colcon.colcon_core.package_identification:_identify(mujoco-3.2.0-old/model/cube) by extension 'colcon_meta'
[0.420s] Level 1:colcon.colcon_core.package_identification:_identify(mujoco-3.2.0-old/model/cube) by extensions ['ros']
[0.420s] Level 1:colcon.colcon_core.package_identification:_identify(mujoco-3.2.0-old/model/cube) by extension 'ros'
[0.421s] Level 1:colcon.colcon_core.package_identification:_identify(mujoco-3.2.0-old/model/cube) by extensions ['cmake', 'python']
[0.421s] Level 1:colcon.colcon_core.package_identification:_identify(mujoco-3.2.0-old/model/cube) by extension 'cmake'
[0.421s] Level 1:colcon.colcon_core.package_identification:_identify(mujoco-3.2.0-old/model/cube) by extension 'python'
[0.421s] Level 1:colcon.colcon_core.package_identification:_identify(mujoco-3.2.0-old/model/cube) by extensions ['python_setup_py']
[0.421s] Level 1:colcon.colcon_core.package_identification:_identify(mujoco-3.2.0-old/model/cube) by extension 'python_setup_py'
[0.421s] Level 1:colcon.colcon_core.package_identification:_identify(mujoco-3.2.0-old/model/cube/assets) by extensions ['ignore', 'ignore_ament_install']
[0.421s] Level 1:colcon.colcon_core.package_identification:_identify(mujoco-3.2.0-old/model/cube/assets) by extension 'ignore'
[0.421s] Level 1:colcon.colcon_core.package_identification:_identify(mujoco-3.2.0-old/model/cube/assets) by extension 'ignore_ament_install'
[0.421s] Level 1:colcon.colcon_core.package_identification:_identify(mujoco-3.2.0-old/model/cube/assets) by extensions ['colcon_pkg']
[0.421s] Level 1:colcon.colcon_core.package_identification:_identify(mujoco-3.2.0-old/model/cube/assets) by extension 'colcon_pkg'
[0.421s] Level 1:colcon.colcon_core.package_identification:_identify(mujoco-3.2.0-old/model/cube/assets) by extensions ['colcon_meta']
[0.421s] Level 1:colcon.colcon_core.package_identification:_identify(mujoco-3.2.0-old/model/cube/assets) by extension 'colcon_meta'
[0.421s] Level 1:colcon.colcon_core.package_identification:_identify(mujoco-3.2.0-old/model/cube/assets) by extensions ['ros']
[0.421s] Level 1:colcon.colcon_core.package_identification:_identify(mujoco-3.2.0-old/model/cube/assets) by extension 'ros'
[0.421s] Level 1:colcon.colcon_core.package_identification:_identify(mujoco-3.2.0-old/model/cube/assets) by extensions ['cmake', 'python']
[0.421s] Level 1:colcon.colcon_core.package_identification:_identify(mujoco-3.2.0-old/model/cube/assets) by extension 'cmake'
[0.421s] Level 1:colcon.colcon_core.package_identification:_identify(mujoco-3.2.0-old/model/cube/assets) by extension 'python'
[0.421s] Level 1:colcon.colcon_core.package_identification:_identify(mujoco-3.2.0-old/model/cube/assets) by extensions ['python_setup_py']
[0.421s] Level 1:colcon.colcon_core.package_identification:_identify(mujoco-3.2.0-old/model/cube/assets) by extension 'python_setup_py'
[0.421s] Level 1:colcon.colcon_core.package_identification:_identify(mujoco-3.2.0-old/model/hammock) by extensions ['ignore', 'ignore_ament_install']
[0.422s] Level 1:colcon.colcon_core.package_identification:_identify(mujoco-3.2.0-old/model/hammock) by extension 'ignore'
[0.422s] Level 1:colcon.colcon_core.package_identification:_identify(mujoco-3.2.0-old/model/hammock) by extension 'ignore_ament_install'
[0.422s] Level 1:colcon.colcon_core.package_identification:_identify(mujoco-3.2.0-old/model/hammock) by extensions ['colcon_pkg']
[0.422s] Level 1:colcon.colcon_core.package_identification:_identify(mujoco-3.2.0-old/model/hammock) by extension 'colcon_pkg'
[0.422s] Level 1:colcon.colcon_core.package_identification:_identify(mujoco-3.2.0-old/model/hammock) by extensions ['colcon_meta']
[0.422s] Level 1:colcon.colcon_core.package_identification:_identify(mujoco-3.2.0-old/model/hammock) by extension 'colcon_meta'
[0.422s] Level 1:colcon.colcon_core.package_identification:_identify(mujoco-3.2.0-old/model/hammock) by extensions ['ros']
[0.422s] Level 1:colcon.colcon_core.package_identification:_identify(mujoco-3.2.0-old/model/hammock) by extension 'ros'
[0.422s] Level 1:colcon.colcon_core.package_identification:_identify(mujoco-3.2.0-old/model/hammock) by extensions ['cmake', 'python']
[0.422s] Level 1:colcon.colcon_core.package_identification:_identify(mujoco-3.2.0-old/model/hammock) by extension 'cmake'
[0.422s] Level 1:colcon.colcon_core.package_identification:_identify(mujoco-3.2.0-old/model/hammock) by extension 'python'
[0.422s] Level 1:colcon.colcon_core.package_identification:_identify(mujoco-3.2.0-old/model/hammock) by extensions ['python_setup_py']
[0.422s] Level 1:colcon.colcon_core.package_identification:_identify(mujoco-3.2.0-old/model/hammock) by extension 'python_setup_py'
[0.422s] Level 1:colcon.colcon_core.package_identification:_identify(mujoco-3.2.0-old/model/humanoid) by extensions ['ignore', 'ignore_ament_install']
[0.422s] Level 1:colcon.colcon_core.package_identification:_identify(mujoco-3.2.0-old/model/humanoid) by extension 'ignore'
[0.422s] Level 1:colcon.colcon_core.package_identification:_identify(mujoco-3.2.0-old/model/humanoid) by extension 'ignore_ament_install'
[0.422s] Level 1:colcon.colcon_core.package_identification:_identify(mujoco-3.2.0-old/model/humanoid) by extensions ['colcon_pkg']
[0.422s] Level 1:colcon.colcon_core.package_identification:_identify(mujoco-3.2.0-old/model/humanoid) by extension 'colcon_pkg'
[0.422s] Level 1:colcon.colcon_core.package_identification:_identify(mujoco-3.2.0-old/model/humanoid) by extensions ['colcon_meta']
[0.422s] Level 1:colcon.colcon_core.package_identification:_identify(mujoco-3.2.0-old/model/humanoid) by extension 'colcon_meta'
[0.422s] Level 1:colcon.colcon_core.package_identification:_identify(mujoco-3.2.0-old/model/humanoid) by extensions ['ros']
[0.422s] Level 1:colcon.colcon_core.package_identification:_identify(mujoco-3.2.0-old/model/humanoid) by extension 'ros'
[0.423s] Level 1:colcon.colcon_core.package_identification:_identify(mujoco-3.2.0-old/model/humanoid) by extensions ['cmake', 'python']
[0.423s] Level 1:colcon.colcon_core.package_identification:_identify(mujoco-3.2.0-old/model/humanoid) by extension 'cmake'
[0.423s] Level 1:colcon.colcon_core.package_identification:_identify(mujoco-3.2.0-old/model/humanoid) by extension 'python'
[0.423s] Level 1:colcon.colcon_core.package_identification:_identify(mujoco-3.2.0-old/model/humanoid) by extensions ['python_setup_py']
[0.423s] Level 1:colcon.colcon_core.package_identification:_identify(mujoco-3.2.0-old/model/humanoid) by extension 'python_setup_py'
[0.423s] Level 1:colcon.colcon_core.package_identification:_identify(mujoco-3.2.0-old/model/humanoid100) by extensions ['ignore', 'ignore_ament_install']
[0.423s] Level 1:colcon.colcon_core.package_identification:_identify(mujoco-3.2.0-old/model/humanoid100) by extension 'ignore'
[0.423s] Level 1:colcon.colcon_core.package_identification:_identify(mujoco-3.2.0-old/model/humanoid100) by extension 'ignore_ament_install'
[0.423s] Level 1:colcon.colcon_core.package_identification:_identify(mujoco-3.2.0-old/model/humanoid100) by extensions ['colcon_pkg']
[0.423s] Level 1:colcon.colcon_core.package_identification:_identify(mujoco-3.2.0-old/model/humanoid100) by extension 'colcon_pkg'
[0.423s] Level 1:colcon.colcon_core.package_identification:_identify(mujoco-3.2.0-old/model/humanoid100) by extensions ['colcon_meta']
[0.423s] Level 1:colcon.colcon_core.package_identification:_identify(mujoco-3.2.0-old/model/humanoid100) by extension 'colcon_meta'
[0.423s] Level 1:colcon.colcon_core.package_identification:_identify(mujoco-3.2.0-old/model/humanoid100) by extensions ['ros']
[0.423s] Level 1:colcon.colcon_core.package_identification:_identify(mujoco-3.2.0-old/model/humanoid100) by extension 'ros'
[0.423s] Level 1:colcon.colcon_core.package_identification:_identify(mujoco-3.2.0-old/model/humanoid100) by extensions ['cmake', 'python']
[0.423s] Level 1:colcon.colcon_core.package_identification:_identify(mujoco-3.2.0-old/model/humanoid100) by extension 'cmake'
[0.423s] Level 1:colcon.colcon_core.package_identification:_identify(mujoco-3.2.0-old/model/humanoid100) by extension 'python'
[0.424s] Level 1:colcon.colcon_core.package_identification:_identify(mujoco-3.2.0-old/model/humanoid100) by extensions ['python_setup_py']
[0.424s] Level 1:colcon.colcon_core.package_identification:_identify(mujoco-3.2.0-old/model/humanoid100) by extension 'python_setup_py'
[0.424s] Level 1:colcon.colcon_core.package_identification:_identify(mujoco-3.2.0-old/model/mug) by extensions ['ignore', 'ignore_ament_install']
[0.424s] Level 1:colcon.colcon_core.package_identification:_identify(mujoco-3.2.0-old/model/mug) by extension 'ignore'
[0.424s] Level 1:colcon.colcon_core.package_identification:_identify(mujoco-3.2.0-old/model/mug) by extension 'ignore_ament_install'
[0.424s] Level 1:colcon.colcon_core.package_identification:_identify(mujoco-3.2.0-old/model/mug) by extensions ['colcon_pkg']
[0.424s] Level 1:colcon.colcon_core.package_identification:_identify(mujoco-3.2.0-old/model/mug) by extension 'colcon_pkg'
[0.424s] Level 1:colcon.colcon_core.package_identification:_identify(mujoco-3.2.0-old/model/mug) by extensions ['colcon_meta']
[0.424s] Level 1:colcon.colcon_core.package_identification:_identify(mujoco-3.2.0-old/model/mug) by extension 'colcon_meta'
[0.424s] Level 1:colcon.colcon_core.package_identification:_identify(mujoco-3.2.0-old/model/mug) by extensions ['ros']
[0.424s] Level 1:colcon.colcon_core.package_identification:_identify(mujoco-3.2.0-old/model/mug) by extension 'ros'
[0.424s] Level 1:colcon.colcon_core.package_identification:_identify(mujoco-3.2.0-old/model/mug) by extensions ['cmake', 'python']
[0.424s] Level 1:colcon.colcon_core.package_identification:_identify(mujoco-3.2.0-old/model/mug) by extension 'cmake'
[0.424s] Level 1:colcon.colcon_core.package_identification:_identify(mujoco-3.2.0-old/model/mug) by extension 'python'
[0.424s] Level 1:colcon.colcon_core.package_identification:_identify(mujoco-3.2.0-old/model/mug) by extensions ['python_setup_py']
[0.424s] Level 1:colcon.colcon_core.package_identification:_identify(mujoco-3.2.0-old/model/mug) by extension 'python_setup_py'
[0.424s] Level 1:colcon.colcon_core.package_identification:_identify(mujoco-3.2.0-old/model/plugin) by extensions ['ignore', 'ignore_ament_install']
[0.424s] Level 1:colcon.colcon_core.package_identification:_identify(mujoco-3.2.0-old/model/plugin) by extension 'ignore'
[0.424s] Level 1:colcon.colcon_core.package_identification:_identify(mujoco-3.2.0-old/model/plugin) by extension 'ignore_ament_install'
[0.424s] Level 1:colcon.colcon_core.package_identification:_identify(mujoco-3.2.0-old/model/plugin) by extensions ['colcon_pkg']
[0.424s] Level 1:colcon.colcon_core.package_identification:_identify(mujoco-3.2.0-old/model/plugin) by extension 'colcon_pkg'
[0.424s] Level 1:colcon.colcon_core.package_identification:_identify(mujoco-3.2.0-old/model/plugin) by extensions ['colcon_meta']
[0.424s] Level 1:colcon.colcon_core.package_identification:_identify(mujoco-3.2.0-old/model/plugin) by extension 'colcon_meta'
[0.424s] Level 1:colcon.colcon_core.package_identification:_identify(mujoco-3.2.0-old/model/plugin) by extensions ['ros']
[0.425s] Level 1:colcon.colcon_core.package_identification:_identify(mujoco-3.2.0-old/model/plugin) by extension 'ros'
[0.425s] Level 1:colcon.colcon_core.package_identification:_identify(mujoco-3.2.0-old/model/plugin) by extensions ['cmake', 'python']
[0.425s] Level 1:colcon.colcon_core.package_identification:_identify(mujoco-3.2.0-old/model/plugin) by extension 'cmake'
[0.425s] Level 1:colcon.colcon_core.package_identification:_identify(mujoco-3.2.0-old/model/plugin) by extension 'python'
[0.425s] Level 1:colcon.colcon_core.package_identification:_identify(mujoco-3.2.0-old/model/plugin) by extensions ['python_setup_py']
[0.425s] Level 1:colcon.colcon_core.package_identification:_identify(mujoco-3.2.0-old/model/plugin) by extension 'python_setup_py'
[0.425s] Level 1:colcon.colcon_core.package_identification:_identify(mujoco-3.2.0-old/model/plugin/actuator) by extensions ['ignore', 'ignore_ament_install']
[0.425s] Level 1:colcon.colcon_core.package_identification:_identify(mujoco-3.2.0-old/model/plugin/actuator) by extension 'ignore'
[0.425s] Level 1:colcon.colcon_core.package_identification:_identify(mujoco-3.2.0-old/model/plugin/actuator) by extension 'ignore_ament_install'
[0.425s] Level 1:colcon.colcon_core.package_identification:_identify(mujoco-3.2.0-old/model/plugin/actuator) by extensions ['colcon_pkg']
[0.425s] Level 1:colcon.colcon_core.package_identification:_identify(mujoco-3.2.0-old/model/plugin/actuator) by extension 'colcon_pkg'
[0.425s] Level 1:colcon.colcon_core.package_identification:_identify(mujoco-3.2.0-old/model/plugin/actuator) by extensions ['colcon_meta']
[0.425s] Level 1:colcon.colcon_core.package_identification:_identify(mujoco-3.2.0-old/model/plugin/actuator) by extension 'colcon_meta'
[0.425s] Level 1:colcon.colcon_core.package_identification:_identify(mujoco-3.2.0-old/model/plugin/actuator) by extensions ['ros']
[0.425s] Level 1:colcon.colcon_core.package_identification:_identify(mujoco-3.2.0-old/model/plugin/actuator) by extension 'ros'
[0.425s] Level 1:colcon.colcon_core.package_identification:_identify(mujoco-3.2.0-old/model/plugin/actuator) by extensions ['cmake', 'python']
[0.425s] Level 1:colcon.colcon_core.package_identification:_identify(mujoco-3.2.0-old/model/plugin/actuator) by extension 'cmake'
[0.425s] Level 1:colcon.colcon_core.package_identification:_identify(mujoco-3.2.0-old/model/plugin/actuator) by extension 'python'
[0.425s] Level 1:colcon.colcon_core.package_identification:_identify(mujoco-3.2.0-old/model/plugin/actuator) by extensions ['python_setup_py']
[0.425s] Level 1:colcon.colcon_core.package_identification:_identify(mujoco-3.2.0-old/model/plugin/actuator) by extension 'python_setup_py'
[0.426s] Level 1:colcon.colcon_core.package_identification:_identify(mujoco-3.2.0-old/model/plugin/elasticity) by extensions ['ignore', 'ignore_ament_install']
[0.426s] Level 1:colcon.colcon_core.package_identification:_identify(mujoco-3.2.0-old/model/plugin/elasticity) by extension 'ignore'
[0.426s] Level 1:colcon.colcon_core.package_identification:_identify(mujoco-3.2.0-old/model/plugin/elasticity) by extension 'ignore_ament_install'
[0.426s] Level 1:colcon.colcon_core.package_identification:_identify(mujoco-3.2.0-old/model/plugin/elasticity) by extensions ['colcon_pkg']
[0.426s] Level 1:colcon.colcon_core.package_identification:_identify(mujoco-3.2.0-old/model/plugin/elasticity) by extension 'colcon_pkg'
[0.426s] Level 1:colcon.colcon_core.package_identification:_identify(mujoco-3.2.0-old/model/plugin/elasticity) by extensions ['colcon_meta']
[0.426s] Level 1:colcon.colcon_core.package_identification:_identify(mujoco-3.2.0-old/model/plugin/elasticity) by extension 'colcon_meta'
[0.426s] Level 1:colcon.colcon_core.package_identification:_identify(mujoco-3.2.0-old/model/plugin/elasticity) by extensions ['ros']
[0.426s] Level 1:colcon.colcon_core.package_identification:_identify(mujoco-3.2.0-old/model/plugin/elasticity) by extension 'ros'
[0.426s] Level 1:colcon.colcon_core.package_identification:_identify(mujoco-3.2.0-old/model/plugin/elasticity) by extensions ['cmake', 'python']
[0.426s] Level 1:colcon.colcon_core.package_identification:_identify(mujoco-3.2.0-old/model/plugin/elasticity) by extension 'cmake'
[0.426s] Level 1:colcon.colcon_core.package_identification:_identify(mujoco-3.2.0-old/model/plugin/elasticity) by extension 'python'
[0.426s] Level 1:colcon.colcon_core.package_identification:_identify(mujoco-3.2.0-old/model/plugin/elasticity) by extensions ['python_setup_py']
[0.426s] Level 1:colcon.colcon_core.package_identification:_identify(mujoco-3.2.0-old/model/plugin/elasticity) by extension 'python_setup_py'
[0.426s] Level 1:colcon.colcon_core.package_identification:_identify(mujoco-3.2.0-old/model/plugin/sdf) by extensions ['ignore', 'ignore_ament_install']
[0.426s] Level 1:colcon.colcon_core.package_identification:_identify(mujoco-3.2.0-old/model/plugin/sdf) by extension 'ignore'
[0.426s] Level 1:colcon.colcon_core.package_identification:_identify(mujoco-3.2.0-old/model/plugin/sdf) by extension 'ignore_ament_install'
[0.426s] Level 1:colcon.colcon_core.package_identification:_identify(mujoco-3.2.0-old/model/plugin/sdf) by extensions ['colcon_pkg']
[0.426s] Level 1:colcon.colcon_core.package_identification:_identify(mujoco-3.2.0-old/model/plugin/sdf) by extension 'colcon_pkg'
[0.426s] Level 1:colcon.colcon_core.package_identification:_identify(mujoco-3.2.0-old/model/plugin/sdf) by extensions ['colcon_meta']
[0.426s] Level 1:colcon.colcon_core.package_identification:_identify(mujoco-3.2.0-old/model/plugin/sdf) by extension 'colcon_meta'
[0.427s] Level 1:colcon.colcon_core.package_identification:_identify(mujoco-3.2.0-old/model/plugin/sdf) by extensions ['ros']
[0.427s] Level 1:colcon.colcon_core.package_identification:_identify(mujoco-3.2.0-old/model/plugin/sdf) by extension 'ros'
[0.427s] Level 1:colcon.colcon_core.package_identification:_identify(mujoco-3.2.0-old/model/plugin/sdf) by extensions ['cmake', 'python']
[0.427s] Level 1:colcon.colcon_core.package_identification:_identify(mujoco-3.2.0-old/model/plugin/sdf) by extension 'cmake'
[0.427s] Level 1:colcon.colcon_core.package_identification:_identify(mujoco-3.2.0-old/model/plugin/sdf) by extension 'python'
[0.427s] Level 1:colcon.colcon_core.package_identification:_identify(mujoco-3.2.0-old/model/plugin/sdf) by extensions ['python_setup_py']
[0.427s] Level 1:colcon.colcon_core.package_identification:_identify(mujoco-3.2.0-old/model/plugin/sdf) by extension 'python_setup_py'
[0.427s] Level 1:colcon.colcon_core.package_identification:_identify(mujoco-3.2.0-old/model/plugin/sdf/asset) by extensions ['ignore', 'ignore_ament_install']
[0.427s] Level 1:colcon.colcon_core.package_identification:_identify(mujoco-3.2.0-old/model/plugin/sdf/asset) by extension 'ignore'
[0.427s] Level 1:colcon.colcon_core.package_identification:_identify(mujoco-3.2.0-old/model/plugin/sdf/asset) by extension 'ignore_ament_install'
[0.427s] Level 1:colcon.colcon_core.package_identification:_identify(mujoco-3.2.0-old/model/plugin/sdf/asset) by extensions ['colcon_pkg']
[0.427s] Level 1:colcon.colcon_core.package_identification:_identify(mujoco-3.2.0-old/model/plugin/sdf/asset) by extension 'colcon_pkg'
[0.427s] Level 1:colcon.colcon_core.package_identification:_identify(mujoco-3.2.0-old/model/plugin/sdf/asset) by extensions ['colcon_meta']
[0.427s] Level 1:colcon.colcon_core.package_identification:_identify(mujoco-3.2.0-old/model/plugin/sdf/asset) by extension 'colcon_meta'
[0.427s] Level 1:colcon.colcon_core.package_identification:_identify(mujoco-3.2.0-old/model/plugin/sdf/asset) by extensions ['ros']
[0.427s] Level 1:colcon.colcon_core.package_identification:_identify(mujoco-3.2.0-old/model/plugin/sdf/asset) by extension 'ros'
[0.428s] Level 1:colcon.colcon_core.package_identification:_identify(mujoco-3.2.0-old/model/plugin/sdf/asset) by extensions ['cmake', 'python']
[0.428s] Level 1:colcon.colcon_core.package_identification:_identify(mujoco-3.2.0-old/model/plugin/sdf/asset) by extension 'cmake'
[0.428s] Level 1:colcon.colcon_core.package_identification:_identify(mujoco-3.2.0-old/model/plugin/sdf/asset) by extension 'python'
[0.428s] Level 1:colcon.colcon_core.package_identification:_identify(mujoco-3.2.0-old/model/plugin/sdf/asset) by extensions ['python_setup_py']
[0.428s] Level 1:colcon.colcon_core.package_identification:_identify(mujoco-3.2.0-old/model/plugin/sdf/asset) by extension 'python_setup_py'
[0.428s] Level 1:colcon.colcon_core.package_identification:_identify(mujoco-3.2.0-old/model/plugin/sensor) by extensions ['ignore', 'ignore_ament_install']
[0.428s] Level 1:colcon.colcon_core.package_identification:_identify(mujoco-3.2.0-old/model/plugin/sensor) by extension 'ignore'
[0.428s] Level 1:colcon.colcon_core.package_identification:_identify(mujoco-3.2.0-old/model/plugin/sensor) by extension 'ignore_ament_install'
[0.428s] Level 1:colcon.colcon_core.package_identification:_identify(mujoco-3.2.0-old/model/plugin/sensor) by extensions ['colcon_pkg']
[0.428s] Level 1:colcon.colcon_core.package_identification:_identify(mujoco-3.2.0-old/model/plugin/sensor) by extension 'colcon_pkg'
[0.428s] Level 1:colcon.colcon_core.package_identification:_identify(mujoco-3.2.0-old/model/plugin/sensor) by extensions ['colcon_meta']
[0.428s] Level 1:colcon.colcon_core.package_identification:_identify(mujoco-3.2.0-old/model/plugin/sensor) by extension 'colcon_meta'
[0.428s] Level 1:colcon.colcon_core.package_identification:_identify(mujoco-3.2.0-old/model/plugin/sensor) by extensions ['ros']
[0.428s] Level 1:colcon.colcon_core.package_identification:_identify(mujoco-3.2.0-old/model/plugin/sensor) by extension 'ros'
[0.428s] Level 1:colcon.colcon_core.package_identification:_identify(mujoco-3.2.0-old/model/plugin/sensor) by extensions ['cmake', 'python']
[0.428s] Level 1:colcon.colcon_core.package_identification:_identify(mujoco-3.2.0-old/model/plugin/sensor) by extension 'cmake'
[0.428s] Level 1:colcon.colcon_core.package_identification:_identify(mujoco-3.2.0-old/model/plugin/sensor) by extension 'python'
[0.428s] Level 1:colcon.colcon_core.package_identification:_identify(mujoco-3.2.0-old/model/plugin/sensor) by extensions ['python_setup_py']
[0.429s] Level 1:colcon.colcon_core.package_identification:_identify(mujoco-3.2.0-old/model/plugin/sensor) by extension 'python_setup_py'
[0.429s] Level 1:colcon.colcon_core.package_identification:_identify(mujoco-3.2.0-old/model/replicate) by extensions ['ignore', 'ignore_ament_install']
[0.429s] Level 1:colcon.colcon_core.package_identification:_identify(mujoco-3.2.0-old/model/replicate) by extension 'ignore'
[0.429s] Level 1:colcon.colcon_core.package_identification:_identify(mujoco-3.2.0-old/model/replicate) by extension 'ignore_ament_install'
[0.429s] Level 1:colcon.colcon_core.package_identification:_identify(mujoco-3.2.0-old/model/replicate) by extensions ['colcon_pkg']
[0.429s] Level 1:colcon.colcon_core.package_identification:_identify(mujoco-3.2.0-old/model/replicate) by extension 'colcon_pkg'
[0.429s] Level 1:colcon.colcon_core.package_identification:_identify(mujoco-3.2.0-old/model/replicate) by extensions ['colcon_meta']
[0.429s] Level 1:colcon.colcon_core.package_identification:_identify(mujoco-3.2.0-old/model/replicate) by extension 'colcon_meta'
[0.429s] Level 1:colcon.colcon_core.package_identification:_identify(mujoco-3.2.0-old/model/replicate) by extensions ['ros']
[0.429s] Level 1:colcon.colcon_core.package_identification:_identify(mujoco-3.2.0-old/model/replicate) by extension 'ros'
[0.429s] Level 1:colcon.colcon_core.package_identification:_identify(mujoco-3.2.0-old/model/replicate) by extensions ['cmake', 'python']
[0.429s] Level 1:colcon.colcon_core.package_identification:_identify(mujoco-3.2.0-old/model/replicate) by extension 'cmake'
[0.429s] Level 1:colcon.colcon_core.package_identification:_identify(mujoco-3.2.0-old/model/replicate) by extension 'python'
[0.429s] Level 1:colcon.colcon_core.package_identification:_identify(mujoco-3.2.0-old/model/replicate) by extensions ['python_setup_py']
[0.429s] Level 1:colcon.colcon_core.package_identification:_identify(mujoco-3.2.0-old/model/replicate) by extension 'python_setup_py'
[0.429s] Level 1:colcon.colcon_core.package_identification:_identify(mujoco-3.2.0-old/model/slider_crank) by extensions ['ignore', 'ignore_ament_install']
[0.429s] Level 1:colcon.colcon_core.package_identification:_identify(mujoco-3.2.0-old/model/slider_crank) by extension 'ignore'
[0.429s] Level 1:colcon.colcon_core.package_identification:_identify(mujoco-3.2.0-old/model/slider_crank) by extension 'ignore_ament_install'
[0.429s] Level 1:colcon.colcon_core.package_identification:_identify(mujoco-3.2.0-old/model/slider_crank) by extensions ['colcon_pkg']
[0.429s] Level 1:colcon.colcon_core.package_identification:_identify(mujoco-3.2.0-old/model/slider_crank) by extension 'colcon_pkg'
[0.429s] Level 1:colcon.colcon_core.package_identification:_identify(mujoco-3.2.0-old/model/slider_crank) by extensions ['colcon_meta']
[0.429s] Level 1:colcon.colcon_core.package_identification:_identify(mujoco-3.2.0-old/model/slider_crank) by extension 'colcon_meta'
[0.429s] Level 1:colcon.colcon_core.package_identification:_identify(mujoco-3.2.0-old/model/slider_crank) by extensions ['ros']
[0.430s] Level 1:colcon.colcon_core.package_identification:_identify(mujoco-3.2.0-old/model/slider_crank) by extension 'ros'
[0.430s] Level 1:colcon.colcon_core.package_identification:_identify(mujoco-3.2.0-old/model/slider_crank) by extensions ['cmake', 'python']
[0.430s] Level 1:colcon.colcon_core.package_identification:_identify(mujoco-3.2.0-old/model/slider_crank) by extension 'cmake'
[0.430s] Level 1:colcon.colcon_core.package_identification:_identify(mujoco-3.2.0-old/model/slider_crank) by extension 'python'
[0.430s] Level 1:colcon.colcon_core.package_identification:_identify(mujoco-3.2.0-old/model/slider_crank) by extensions ['python_setup_py']
[0.430s] Level 1:colcon.colcon_core.package_identification:_identify(mujoco-3.2.0-old/model/slider_crank) by extension 'python_setup_py'
[0.430s] Level 1:colcon.colcon_core.package_identification:_identify(mujoco-3.2.0-old/model/tendon_arm) by extensions ['ignore', 'ignore_ament_install']
[0.430s] Level 1:colcon.colcon_core.package_identification:_identify(mujoco-3.2.0-old/model/tendon_arm) by extension 'ignore'
[0.430s] Level 1:colcon.colcon_core.package_identification:_identify(mujoco-3.2.0-old/model/tendon_arm) by extension 'ignore_ament_install'
[0.430s] Level 1:colcon.colcon_core.package_identification:_identify(mujoco-3.2.0-old/model/tendon_arm) by extensions ['colcon_pkg']
[0.430s] Level 1:colcon.colcon_core.package_identification:_identify(mujoco-3.2.0-old/model/tendon_arm) by extension 'colcon_pkg'
[0.430s] Level 1:colcon.colcon_core.package_identification:_identify(mujoco-3.2.0-old/model/tendon_arm) by extensions ['colcon_meta']
[0.430s] Level 1:colcon.colcon_core.package_identification:_identify(mujoco-3.2.0-old/model/tendon_arm) by extension 'colcon_meta'
[0.430s] Level 1:colcon.colcon_core.package_identification:_identify(mujoco-3.2.0-old/model/tendon_arm) by extensions ['ros']
[0.430s] Level 1:colcon.colcon_core.package_identification:_identify(mujoco-3.2.0-old/model/tendon_arm) by extension 'ros'
[0.430s] Level 1:colcon.colcon_core.package_identification:_identify(mujoco-3.2.0-old/model/tendon_arm) by extensions ['cmake', 'python']
[0.430s] Level 1:colcon.colcon_core.package_identification:_identify(mujoco-3.2.0-old/model/tendon_arm) by extension 'cmake'
[0.430s] Level 1:colcon.colcon_core.package_identification:_identify(mujoco-3.2.0-old/model/tendon_arm) by extension 'python'
[0.430s] Level 1:colcon.colcon_core.package_identification:_identify(mujoco-3.2.0-old/model/tendon_arm) by extensions ['python_setup_py']
[0.430s] Level 1:colcon.colcon_core.package_identification:_identify(mujoco-3.2.0-old/model/tendon_arm) by extension 'python_setup_py'
[0.430s] Level 1:colcon.colcon_core.package_identification:_identify(mujoco-3.2.0-old/sample) by extensions ['ignore', 'ignore_ament_install']
[0.430s] Level 1:colcon.colcon_core.package_identification:_identify(mujoco-3.2.0-old/sample) by extension 'ignore'
[0.430s] Level 1:colcon.colcon_core.package_identification:_identify(mujoco-3.2.0-old/sample) by extension 'ignore_ament_install'
[0.430s] Level 1:colcon.colcon_core.package_identification:_identify(mujoco-3.2.0-old/sample) by extensions ['colcon_pkg']
[0.430s] Level 1:colcon.colcon_core.package_identification:_identify(mujoco-3.2.0-old/sample) by extension 'colcon_pkg'
[0.431s] Level 1:colcon.colcon_core.package_identification:_identify(mujoco-3.2.0-old/sample) by extensions ['colcon_meta']
[0.431s] Level 1:colcon.colcon_core.package_identification:_identify(mujoco-3.2.0-old/sample) by extension 'colcon_meta'
[0.431s] Level 1:colcon.colcon_core.package_identification:_identify(mujoco-3.2.0-old/sample) by extensions ['ros']
[0.431s] Level 1:colcon.colcon_core.package_identification:_identify(mujoco-3.2.0-old/sample) by extension 'ros'
[0.431s] Level 1:colcon.colcon_core.package_identification:_identify(mujoco-3.2.0-old/sample) by extensions ['cmake', 'python']
[0.431s] Level 1:colcon.colcon_core.package_identification:_identify(mujoco-3.2.0-old/sample) by extension 'cmake'
[0.431s] Level 1:colcon.colcon_core.package_identification:_identify(mujoco-3.2.0-old/sample) by extension 'python'
[0.431s] Level 1:colcon.colcon_core.package_identification:_identify(mujoco-3.2.0-old/sample) by extensions ['python_setup_py']
[0.431s] Level 1:colcon.colcon_core.package_identification:_identify(mujoco-3.2.0-old/sample) by extension 'python_setup_py'
[0.431s] Level 1:colcon.colcon_core.package_identification:_identify(mujoco-3.2.0-old/sample/cmake) by extensions ['ignore', 'ignore_ament_install']
[0.431s] Level 1:colcon.colcon_core.package_identification:_identify(mujoco-3.2.0-old/sample/cmake) by extension 'ignore'
[0.431s] Level 1:colcon.colcon_core.package_identification:_identify(mujoco-3.2.0-old/sample/cmake) by extension 'ignore_ament_install'
[0.431s] Level 1:colcon.colcon_core.package_identification:_identify(mujoco-3.2.0-old/sample/cmake) by extensions ['colcon_pkg']
[0.431s] Level 1:colcon.colcon_core.package_identification:_identify(mujoco-3.2.0-old/sample/cmake) by extension 'colcon_pkg'
[0.431s] Level 1:colcon.colcon_core.package_identification:_identify(mujoco-3.2.0-old/sample/cmake) by extensions ['colcon_meta']
[0.431s] Level 1:colcon.colcon_core.package_identification:_identify(mujoco-3.2.0-old/sample/cmake) by extension 'colcon_meta'
[0.431s] Level 1:colcon.colcon_core.package_identification:_identify(mujoco-3.2.0-old/sample/cmake) by extensions ['ros']
[0.432s] Level 1:colcon.colcon_core.package_identification:_identify(mujoco-3.2.0-old/sample/cmake) by extension 'ros'
[0.432s] Level 1:colcon.colcon_core.package_identification:_identify(mujoco-3.2.0-old/sample/cmake) by extensions ['cmake', 'python']
[0.432s] Level 1:colcon.colcon_core.package_identification:_identify(mujoco-3.2.0-old/sample/cmake) by extension 'cmake'
[0.432s] Level 1:colcon.colcon_core.package_identification:_identify(mujoco-3.2.0-old/sample/cmake) by extension 'python'
[0.432s] Level 1:colcon.colcon_core.package_identification:_identify(mujoco-3.2.0-old/sample/cmake) by extensions ['python_setup_py']
[0.432s] Level 1:colcon.colcon_core.package_identification:_identify(mujoco-3.2.0-old/sample/cmake) by extension 'python_setup_py'
[0.432s] Level 1:colcon.colcon_core.package_identification:_identify(mujoco-3.2.0-old/simulate) by extensions ['ignore', 'ignore_ament_install']
[0.432s] Level 1:colcon.colcon_core.package_identification:_identify(mujoco-3.2.0-old/simulate) by extension 'ignore'
[0.432s] Level 1:colcon.colcon_core.package_identification:_identify(mujoco-3.2.0-old/simulate) by extension 'ignore_ament_install'
[0.432s] Level 1:colcon.colcon_core.package_identification:_identify(mujoco-3.2.0-old/simulate) by extensions ['colcon_pkg']
[0.432s] Level 1:colcon.colcon_core.package_identification:_identify(mujoco-3.2.0-old/simulate) by extension 'colcon_pkg'
[0.432s] Level 1:colcon.colcon_core.package_identification:_identify(mujoco-3.2.0-old/simulate) by extensions ['colcon_meta']
[0.432s] Level 1:colcon.colcon_core.package_identification:_identify(mujoco-3.2.0-old/simulate) by extension 'colcon_meta'
[0.432s] Level 1:colcon.colcon_core.package_identification:_identify(mujoco-3.2.0-old/simulate) by extensions ['ros']
[0.432s] Level 1:colcon.colcon_core.package_identification:_identify(mujoco-3.2.0-old/simulate) by extension 'ros'
[0.432s] Level 1:colcon.colcon_core.package_identification:_identify(mujoco-3.2.0-old/simulate) by extensions ['cmake', 'python']
[0.432s] Level 1:colcon.colcon_core.package_identification:_identify(mujoco-3.2.0-old/simulate) by extension 'cmake'
[0.432s] Level 1:colcon.colcon_core.package_identification:_identify(mujoco-3.2.0-old/simulate) by extension 'python'
[0.432s] Level 1:colcon.colcon_core.package_identification:_identify(mujoco-3.2.0-old/simulate) by extensions ['python_setup_py']
[0.432s] Level 1:colcon.colcon_core.package_identification:_identify(mujoco-3.2.0-old/simulate) by extension 'python_setup_py'
[0.433s] Level 1:colcon.colcon_core.package_identification:_identify(mujoco-3.2.0-old/simulate/cmake) by extensions ['ignore', 'ignore_ament_install']
[0.433s] Level 1:colcon.colcon_core.package_identification:_identify(mujoco-3.2.0-old/simulate/cmake) by extension 'ignore'
[0.433s] Level 1:colcon.colcon_core.package_identification:_identify(mujoco-3.2.0-old/simulate/cmake) by extension 'ignore_ament_install'
[0.433s] Level 1:colcon.colcon_core.package_identification:_identify(mujoco-3.2.0-old/simulate/cmake) by extensions ['colcon_pkg']
[0.433s] Level 1:colcon.colcon_core.package_identification:_identify(mujoco-3.2.0-old/simulate/cmake) by extension 'colcon_pkg'
[0.433s] Level 1:colcon.colcon_core.package_identification:_identify(mujoco-3.2.0-old/simulate/cmake) by extensions ['colcon_meta']
[0.433s] Level 1:colcon.colcon_core.package_identification:_identify(mujoco-3.2.0-old/simulate/cmake) by extension 'colcon_meta'
[0.433s] Level 1:colcon.colcon_core.package_identification:_identify(mujoco-3.2.0-old/simulate/cmake) by extensions ['ros']
[0.433s] Level 1:colcon.colcon_core.package_identification:_identify(mujoco-3.2.0-old/simulate/cmake) by extension 'ros'
[0.433s] Level 1:colcon.colcon_core.package_identification:_identify(mujoco-3.2.0-old/simulate/cmake) by extensions ['cmake', 'python']
[0.433s] Level 1:colcon.colcon_core.package_identification:_identify(mujoco-3.2.0-old/simulate/cmake) by extension 'cmake'
[0.433s] Level 1:colcon.colcon_core.package_identification:_identify(mujoco-3.2.0-old/simulate/cmake) by extension 'python'
[0.433s] Level 1:colcon.colcon_core.package_identification:_identify(mujoco-3.2.0-old/simulate/cmake) by extensions ['python_setup_py']
[0.433s] Level 1:colcon.colcon_core.package_identification:_identify(mujoco-3.2.0-old/simulate/cmake) by extension 'python_setup_py'
[0.433s] Level 1:colcon.colcon_core.package_identification:_identify(src) by extensions ['ignore', 'ignore_ament_install']
[0.433s] Level 1:colcon.colcon_core.package_identification:_identify(src) by extension 'ignore'
[0.433s] Level 1:colcon.colcon_core.package_identification:_identify(src) by extension 'ignore_ament_install'
[0.433s] Level 1:colcon.colcon_core.package_identification:_identify(src) by extensions ['colcon_pkg']
[0.433s] Level 1:colcon.colcon_core.package_identification:_identify(src) by extension 'colcon_pkg'
[0.434s] Level 1:colcon.colcon_core.package_identification:_identify(src) by extensions ['colcon_meta']
[0.434s] Level 1:colcon.colcon_core.package_identification:_identify(src) by extension 'colcon_meta'
[0.434s] Level 1:colcon.colcon_core.package_identification:_identify(src) by extensions ['ros']
[0.434s] Level 1:colcon.colcon_core.package_identification:_identify(src) by extension 'ros'
[0.434s] Level 1:colcon.colcon_core.package_identification:_identify(src) by extensions ['cmake', 'python']
[0.434s] Level 1:colcon.colcon_core.package_identification:_identify(src) by extension 'cmake'
[0.434s] Level 1:colcon.colcon_core.package_identification:_identify(src) by extension 'python'
[0.434s] Level 1:colcon.colcon_core.package_identification:_identify(src) by extensions ['python_setup_py']
[0.434s] Level 1:colcon.colcon_core.package_identification:_identify(src) by extension 'python_setup_py'
[0.434s] Level 1:colcon.colcon_core.package_identification:_identify(src/mujoco_ros2) by extensions ['ignore', 'ignore_ament_install']
[0.434s] Level 1:colcon.colcon_core.package_identification:_identify(src/mujoco_ros2) by extension 'ignore'
[0.434s] Level 1:colcon.colcon_core.package_identification:_identify(src/mujoco_ros2) by extension 'ignore_ament_install'
[0.434s] Level 1:colcon.colcon_core.package_identification:_identify(src/mujoco_ros2) by extensions ['colcon_pkg']
[0.434s] Level 1:colcon.colcon_core.package_identification:_identify(src/mujoco_ros2) by extension 'colcon_pkg'
[0.434s] Level 1:colcon.colcon_core.package_identification:_identify(src/mujoco_ros2) by extensions ['colcon_meta']
[0.434s] Level 1:colcon.colcon_core.package_identification:_identify(src/mujoco_ros2) by extension 'colcon_meta'
[0.434s] Level 1:colcon.colcon_core.package_identification:_identify(src/mujoco_ros2) by extensions ['ros']
[0.434s] Level 1:colcon.colcon_core.package_identification:_identify(src/mujoco_ros2) by extension 'ros'
[0.439s] DEBUG:colcon.colcon_core.package_identification:Package 'src/mujoco_ros2' with type 'ros.ament_cmake' and name 'mujoco_ros2'
[0.440s] Level 1:colcon.colcon_core.package_identification:_identify(src/ur_description) by extensions ['ignore', 'ignore_ament_install']
[0.440s] Level 1:colcon.colcon_core.package_identification:_identify(src/ur_description) by extension 'ignore'
[0.440s] Level 1:colcon.colcon_core.package_identification:_identify(src/ur_description) by extension 'ignore_ament_install'
[0.440s] Level 1:colcon.colcon_core.package_identification:_identify(src/ur_description) by extensions ['colcon_pkg']
[0.440s] Level 1:colcon.colcon_core.package_identification:_identify(src/ur_description) by extension 'colcon_pkg'
[0.440s] Level 1:colcon.colcon_core.package_identification:_identify(src/ur_description) by extensions ['colcon_meta']
[0.440s] Level 1:colcon.colcon_core.package_identification:_identify(src/ur_description) by extension 'colcon_meta'
[0.440s] Level 1:colcon.colcon_core.package_identification:_identify(src/ur_description) by extensions ['ros']
[0.440s] Level 1:colcon.colcon_core.package_identification:_identify(src/ur_description) by extension 'ros'
[0.442s] DEBUG:colcon.colcon_core.package_identification:Package 'src/ur_description' with type 'ros.ament_cmake' and name 'ur_description'
[0.443s] Level 1:colcon.colcon_core.package_identification:_identify(tests) by extensions ['ignore', 'ignore_ament_install']
[0.443s] Level 1:colcon.colcon_core.package_identification:_identify(tests) by extension 'ignore'
[0.443s] Level 1:colcon.colcon_core.package_identification:_identify(tests) by extension 'ignore_ament_install'
[0.443s] Level 1:colcon.colcon_core.package_identification:_identify(tests) by extensions ['colcon_pkg']
[0.443s] Level 1:colcon.colcon_core.package_identification:_identify(tests) by extension 'colcon_pkg'
[0.444s] Level 1:colcon.colcon_core.package_identification:_identify(tests) by extensions ['colcon_meta']
[0.444s] Level 1:colcon.colcon_core.package_identification:_identify(tests) by extension 'colcon_meta'
[0.444s] Level 1:colcon.colcon_core.package_identification:_identify(tests) by extensions ['ros']
[0.444s] Level 1:colcon.colcon_core.package_identification:_identify(tests) by extension 'ros'
[0.444s] Level 1:colcon.colcon_core.package_identification:_identify(tests) by extensions ['cmake', 'python']
[0.444s] Level 1:colcon.colcon_core.package_identification:_identify(tests) by extension 'cmake'
[0.444s] Level 1:colcon.colcon_core.package_identification:_identify(tests) by extension 'python'
[0.444s] Level 1:colcon.colcon_core.package_identification:_identify(tests) by extensions ['python_setup_py']
[0.444s] Level 1:colcon.colcon_core.package_identification:_identify(tests) by extension 'python_setup_py'
[0.444s] Level 1:colcon.colcon_core.package_discovery:discover_packages(recursive) using defaults
[0.445s] Level 1:colcon.colcon_core.package_discovery:discover_packages(ignore) discover
[0.445s] Level 1:colcon.colcon_core.package_discovery:discover_packages(ignore) using defaults
[0.445s] Level 1:colcon.colcon_core.package_discovery:discover_packages(path) discover
[0.445s] Level 1:colcon.colcon_core.package_discovery:discover_packages(path) using defaults
[0.532s] INFO:colcon.colcon_core.package_selection:Skipping not selected package 'ur_description' in 'src/ur_description'
[0.533s] Level 1:colcon.colcon_core.package_discovery:discover_packages(prefix_path) check parameters
[0.533s] Level 1:colcon.colcon_core.package_discovery:discover_packages(prefix_path) discover
[0.537s] DEBUG:colcon.colcon_installed_package_information.package_discovery:Found 272 installed packages in /opt/ros/humble
[0.538s] Level 1:colcon.colcon_core.package_discovery:discover_packages(prefix_path) using defaults
[0.578s] Level 5:colcon.colcon_core.verb:set package 'mujoco_ros2' build argument 'cmake_args' from command line to 'None'
[0.579s] Level 5:colcon.colcon_core.verb:set package 'mujoco_ros2' build argument 'cmake_target' from command line to 'None'
[0.579s] Level 5:colcon.colcon_core.verb:set package 'mujoco_ros2' build argument 'cmake_target_skip_unavailable' from command line to 'False'
[0.579s] Level 5:colcon.colcon_core.verb:set package 'mujoco_ros2' build argument 'cmake_clean_cache' from command line to 'False'
[0.579s] Level 5:colcon.colcon_core.verb:set package 'mujoco_ros2' build argument 'cmake_clean_first' from command line to 'False'
[0.579s] Level 5:colcon.colcon_core.verb:set package 'mujoco_ros2' build argument 'cmake_force_configure' from command line to 'False'
[0.579s] Level 5:colcon.colcon_core.verb:set package 'mujoco_ros2' build argument 'ament_cmake_args' from command line to 'None'
[0.579s] Level 5:colcon.colcon_core.verb:set package 'mujoco_ros2' build argument 'catkin_cmake_args' from command line to 'None'
[0.579s] Level 5:colcon.colcon_core.verb:set package 'mujoco_ros2' build argument 'catkin_skip_building_tests' from command line to 'False'
[0.579s] DEBUG:colcon.colcon_core.verb:Building package 'mujoco_ros2' with the following arguments: {'ament_cmake_args': None, 'build_base': '/home/ali/Desktop/Ali engineering/GUC/Semester 10/Robotics/Robotics_project/build/mujoco_ros2', 'catkin_cmake_args': None, 'catkin_skip_building_tests': False, 'cmake_args': None, 'cmake_clean_cache': False, 'cmake_clean_first': False, 'cmake_force_configure': False, 'cmake_target': None, 'cmake_target_skip_unavailable': False, 'install_base': '/home/ali/Desktop/Ali engineering/GUC/Semester 10/Robotics/Robotics_project/install/mujoco_ros2', 'merge_install': False, 'path': '/home/ali/Desktop/Ali engineering/GUC/Semester 10/Robotics/Robotics_project/src/mujoco_ros2', 'symlink_install': False, 'test_result_base': None}
[0.580s] INFO:colcon.colcon_core.executor:Executing jobs using 'parallel' executor
[0.582s] DEBUG:colcon.colcon_parallel_executor.executor.parallel:run_until_complete
[0.582s] INFO:colcon.colcon_ros.task.ament_cmake.build:Building ROS package in '/home/ali/Desktop/Ali engineering/GUC/Semester 10/Robotics/Robotics_project/src/mujoco_ros2' with build type 'ament_cmake'
[0.582s] INFO:colcon.colcon_cmake.task.cmake.build:Building CMake package in '/home/ali/Desktop/Ali engineering/GUC/Semester 10/Robotics/Robotics_project/src/mujoco_ros2'
[0.587s] INFO:colcon.colcon_core.plugin_system:Skipping extension 'colcon_core.shell.bat': Not used on non-Windows systems
[0.587s] INFO:colcon.colcon_core.shell:Skip shell extension 'powershell' for command environment: Not usable outside of PowerShell
[0.587s] DEBUG:colcon.colcon_core.shell:Skip shell extension 'dsv' for command environment
[0.608s] DEBUG:colcon.colcon_core.event_handler.log_command:Invoking command in '/home/ali/Desktop/Ali engineering/GUC/Semester 10/Robotics/Robotics_project/build/mujoco_ros2': CMAKE_PREFIX_PATH=/opt/ros/humble /usr/bin/cmake --build /home/ali/Desktop/Ali engineering/GUC/Semester 10/Robotics/Robotics_project/build/mujoco_ros2 -- -j12 -l12
