[0.545s] DEBUG:colcon:Command line arguments: ['/usr/bin/colcon', 'build', '--packages-select', 'mujoco_ros2']
[0.546s] DEBUG:colcon:Parsed command line arguments: Namespace(log_base=None, log_level=None, verb_name='build', build_base='build', install_base='install', merge_install=False, symlink_install=False, test_result_base=None, continue_on_error=False, executor='parallel', parallel_workers=12, event_handlers=None, ignore_user_meta=False, metas=['./colcon.meta'], base_paths=['.'], packages_ignore=None, packages_ignore_regex=None, paths=None, packages_up_to=None, packages_up_to_regex=None, packages_above=None, packages_above_and_dependencies=None, packages_above_depth=None, packages_select_by_dep=None, packages_skip_by_dep=None, packages_skip_up_to=None, packages_select_build_failed=False, packages_skip_build_finished=False, packages_select_test_failures=False, packages_skip_test_passed=False, packages_select=['mujoco_ros2'], packages_skip=None, packages_select_regex=None, packages_skip_regex=None, packages_start=None, packages_end=None, allow_overriding=[], cmake_args=None, cmake_target=None, cmake_target_skip_unavailable=False, cmake_clean_cache=False, cmake_clean_first=False, cmake_force_configure=False, ament_cmake_args=None, catkin_cmake_args=None, catkin_skip_building_tests=False, verb_parser=<colcon_defaults.argument_parser.defaults.DefaultArgumentsDecorator object at 0x74b4de66c3a0>, verb_extension=<colcon_core.verb.build.BuildVerb object at 0x74b4de62be20>, main=<bound method BuildVerb.main of <colcon_core.verb.build.BuildVerb object at 0x74b4de62be20>>)
[1.080s] Level 1:colcon.colcon_core.package_discovery:discover_packages(colcon_meta) check parameters
[1.080s] Level 1:colcon.colcon_core.package_discovery:discover_packages(recursive) check parameters
[1.080s] Level 1:colcon.colcon_core.package_discovery:discover_packages(ignore) check parameters
[1.080s] Level 1:colcon.colcon_core.package_discovery:discover_packages(path) check parameters
[1.080s] Level 1:colcon.colcon_core.package_discovery:discover_packages(colcon_meta) discover
[1.080s] Level 1:colcon.colcon_core.package_discovery:discover_packages(recursive) discover
[1.080s] INFO:colcon.colcon_core.package_discovery:Crawling recursively for packages in '/home/ali/Desktop/Ali engineering/GUC/Semester 10/Robotics/Robotics_project'
[1.080s] Level 1:colcon.colcon_core.package_identification:_identify(.) by extensions ['ignore', 'ignore_ament_install']
[1.081s] Level 1:colcon.colcon_core.package_identification:_identify(.) by extension 'ignore'
[1.081s] Level 1:colcon.colcon_core.package_identification:_identify(.) by extension 'ignore_ament_install'
[1.081s] Level 1:colcon.colcon_core.package_identification:_identify(.) by extensions ['colcon_pkg']
[1.081s] Level 1:colcon.colcon_core.package_identification:_identify(.) by extension 'colcon_pkg'
[1.081s] Level 1:colcon.colcon_core.package_identification:_identify(.) by extensions ['colcon_meta']
[1.081s] Level 1:colcon.colcon_core.package_identification:_identify(.) by extension 'colcon_meta'
[1.081s] Level 1:colcon.colcon_core.package_identification:_identify(.) by extensions ['ros']
[1.081s] Level 1:colcon.colcon_core.package_identification:_identify(.) by extension 'ros'
[1.100s] Level 1:colcon.colcon_core.package_identification:_identify(.) by extensions ['cmake', 'python']
[1.100s] Level 1:colcon.colcon_core.package_identification:_identify(.) by extension 'cmake'
[1.100s] Level 1:colcon.colcon_core.package_identification:_identify(.) by extension 'python'
[1.100s] Level 1:colcon.colcon_core.package_identification:_identify(.) by extensions ['python_setup_py']
[1.100s] Level 1:colcon.colcon_core.package_identification:_identify(.) by extension 'python_setup_py'
[1.100s] Level 1:colcon.colcon_core.package_identification:_identify(Milestone01) by extensions ['ignore', 'ignore_ament_install']
[1.100s] Level 1:colcon.colcon_core.package_identification:_identify(Milestone01) by extension 'ignore'
[1.100s] Level 1:colcon.colcon_core.package_identification:_identify(Milestone01) by extension 'ignore_ament_install'
[1.100s] Level 1:colcon.colcon_core.package_identification:_identify(Milestone01) by extensions ['colcon_pkg']
[1.100s] Level 1:colcon.colcon_core.package_identification:_identify(Milestone01) by extension 'colcon_pkg'
[1.100s] Level 1:colcon.colcon_core.package_identification:_identify(Milestone01) by extensions ['colcon_meta']
[1.100s] Level 1:colcon.colcon_core.package_identification:_identify(Milestone01) by extension 'colcon_meta'
[1.100s] Level 1:colcon.colcon_core.package_identification:_identify(Milestone01) by extensions ['ros']
[1.100s] Level 1:colcon.colcon_core.package_identification:_identify(Milestone01) by extension 'ros'
[1.100s] Level 1:colcon.colcon_core.package_identification:_identify(Milestone01) by extensions ['cmake', 'python']
[1.100s] Level 1:colcon.colcon_core.package_identification:_identify(Milestone01) by extension 'cmake'
[1.100s] Level 1:colcon.colcon_core.package_identification:_identify(Milestone01) by extension 'python'
[1.101s] Level 1:colcon.colcon_core.package_identification:_identify(Milestone01) by extensions ['python_setup_py']
[1.101s] Level 1:colcon.colcon_core.package_identification:_identify(Milestone01) by extension 'python_setup_py'
[1.101s] Level 1:colcon.colcon_core.package_identification:_identify(Milestone01/CAD_models) by extensions ['ignore', 'ignore_ament_install']
[1.101s] Level 1:colcon.colcon_core.package_identification:_identify(Milestone01/CAD_models) by extension 'ignore'
[1.101s] Level 1:colcon.colcon_core.package_identification:_identify(Milestone01/CAD_models) by extension 'ignore_ament_install'
[1.101s] Level 1:colcon.colcon_core.package_identification:_identify(Milestone01/CAD_models) by extensions ['colcon_pkg']
[1.101s] Level 1:colcon.colcon_core.package_identification:_identify(Milestone01/CAD_models) by extension 'colcon_pkg'
[1.101s] Level 1:colcon.colcon_core.package_identification:_identify(Milestone01/CAD_models) by extensions ['colcon_meta']
[1.101s] Level 1:colcon.colcon_core.package_identification:_identify(Milestone01/CAD_models) by extension 'colcon_meta'
[1.101s] Level 1:colcon.colcon_core.package_identification:_identify(Milestone01/CAD_models) by extensions ['ros']
[1.101s] Level 1:colcon.colcon_core.package_identification:_identify(Milestone01/CAD_models) by extension 'ros'
[1.101s] Level 1:colcon.colcon_core.package_identification:_identify(Milestone01/CAD_models) by extensions ['cmake', 'python']
[1.101s] Level 1:colcon.colcon_core.package_identification:_identify(Milestone01/CAD_models) by extension 'cmake'
[1.101s] Level 1:colcon.colcon_core.package_identification:_identify(Milestone01/CAD_models) by extension 'python'
[1.101s] Level 1:colcon.colcon_core.package_identification:_identify(Milestone01/CAD_models) by extensions ['python_setup_py']
[1.101s] Level 1:colcon.colcon_core.package_identification:_identify(Milestone01/CAD_models) by extension 'python_setup_py'
[1.101s] Level 1:colcon.colcon_core.package_identification:_identify(Milestone02) by extensions ['ignore', 'ignore_ament_install']
[1.101s] Level 1:colcon.colcon_core.package_identification:_identify(Milestone02) by extension 'ignore'
[1.101s] Level 1:colcon.colcon_core.package_identification:_identify(Milestone02) by extension 'ignore_ament_install'
[1.101s] Level 1:colcon.colcon_core.package_identification:_identify(Milestone02) by extensions ['colcon_pkg']
[1.101s] Level 1:colcon.colcon_core.package_identification:_identify(Milestone02) by extension 'colcon_pkg'
[1.102s] Level 1:colcon.colcon_core.package_identification:_identify(Milestone02) by extensions ['colcon_meta']
[1.102s] Level 1:colcon.colcon_core.package_identification:_identify(Milestone02) by extension 'colcon_meta'
[1.102s] Level 1:colcon.colcon_core.package_identification:_identify(Milestone02) by extensions ['ros']
[1.102s] Level 1:colcon.colcon_core.package_identification:_identify(Milestone02) by extension 'ros'
[1.102s] Level 1:colcon.colcon_core.package_identification:_identify(Milestone02) by extensions ['cmake', 'python']
[1.102s] Level 1:colcon.colcon_core.package_identification:_identify(Milestone02) by extension 'cmake'
[1.102s] Level 1:colcon.colcon_core.package_identification:_identify(Milestone02) by extension 'python'
[1.102s] Level 1:colcon.colcon_core.package_identification:_identify(Milestone02) by extensions ['python_setup_py']
[1.102s] Level 1:colcon.colcon_core.package_identification:_identify(Milestone02) by extension 'python_setup_py'
[1.102s] Level 1:colcon.colcon_core.package_identification:_identify(Milestone02/codes) by extensions ['ignore', 'ignore_ament_install']
[1.102s] Level 1:colcon.colcon_core.package_identification:_identify(Milestone02/codes) by extension 'ignore'
[1.102s] Level 1:colcon.colcon_core.package_identification:_identify(Milestone02/codes) by extension 'ignore_ament_install'
[1.102s] Level 1:colcon.colcon_core.package_identification:_identify(Milestone02/codes) by extensions ['colcon_pkg']
[1.102s] Level 1:colcon.colcon_core.package_identification:_identify(Milestone02/codes) by extension 'colcon_pkg'
[1.102s] Level 1:colcon.colcon_core.package_identification:_identify(Milestone02/codes) by extensions ['colcon_meta']
[1.102s] Level 1:colcon.colcon_core.package_identification:_identify(Milestone02/codes) by extension 'colcon_meta'
[1.102s] Level 1:colcon.colcon_core.package_identification:_identify(Milestone02/codes) by extensions ['ros']
[1.102s] Level 1:colcon.colcon_core.package_identification:_identify(Milestone02/codes) by extension 'ros'
[1.102s] Level 1:colcon.colcon_core.package_identification:_identify(Milestone02/codes) by extensions ['cmake', 'python']
[1.102s] Level 1:colcon.colcon_core.package_identification:_identify(Milestone02/codes) by extension 'cmake'
[1.102s] Level 1:colcon.colcon_core.package_identification:_identify(Milestone02/codes) by extension 'python'
[1.102s] Level 1:colcon.colcon_core.package_identification:_identify(Milestone02/codes) by extensions ['python_setup_py']
[1.102s] Level 1:colcon.colcon_core.package_identification:_identify(Milestone02/codes) by extension 'python_setup_py'
[1.103s] Level 1:colcon.colcon_core.package_identification:_identify(Milestone02/report) by extensions ['ignore', 'ignore_ament_install']
[1.103s] Level 1:colcon.colcon_core.package_identification:_identify(Milestone02/report) by extension 'ignore'
[1.103s] Level 1:colcon.colcon_core.package_identification:_identify(Milestone02/report) by extension 'ignore_ament_install'
[1.103s] Level 1:colcon.colcon_core.package_identification:_identify(Milestone02/report) by extensions ['colcon_pkg']
[1.103s] Level 1:colcon.colcon_core.package_identification:_identify(Milestone02/report) by extension 'colcon_pkg'
[1.103s] Level 1:colcon.colcon_core.package_identification:_identify(Milestone02/report) by extensions ['colcon_meta']
[1.103s] Level 1:colcon.colcon_core.package_identification:_identify(Milestone02/report) by extension 'colcon_meta'
[1.103s] Level 1:colcon.colcon_core.package_identification:_identify(Milestone02/report) by extensions ['ros']
[1.103s] Level 1:colcon.colcon_core.package_identification:_identify(Milestone02/report) by extension 'ros'
[1.103s] Level 1:colcon.colcon_core.package_identification:_identify(Milestone02/report) by extensions ['cmake', 'python']
[1.103s] Level 1:colcon.colcon_core.package_identification:_identify(Milestone02/report) by extension 'cmake'
[1.103s] Level 1:colcon.colcon_core.package_identification:_identify(Milestone02/report) by extension 'python'
[1.103s] Level 1:colcon.colcon_core.package_identification:_identify(Milestone02/report) by extensions ['python_setup_py']
[1.103s] Level 1:colcon.colcon_core.package_identification:_identify(Milestone02/report) by extension 'python_setup_py'
[1.103s] Level 1:colcon.colcon_core.package_identification:_identify(Milestone02/video) by extensions ['ignore', 'ignore_ament_install']
[1.103s] Level 1:colcon.colcon_core.package_identification:_identify(Milestone02/video) by extension 'ignore'
[1.103s] Level 1:colcon.colcon_core.package_identification:_identify(Milestone02/video) by extension 'ignore_ament_install'
[1.103s] Level 1:colcon.colcon_core.package_identification:_identify(Milestone02/video) by extensions ['colcon_pkg']
[1.103s] Level 1:colcon.colcon_core.package_identification:_identify(Milestone02/video) by extension 'colcon_pkg'
[1.103s] Level 1:colcon.colcon_core.package_identification:_identify(Milestone02/video) by extensions ['colcon_meta']
[1.103s] Level 1:colcon.colcon_core.package_identification:_identify(Milestone02/video) by extension 'colcon_meta'
[1.103s] Level 1:colcon.colcon_core.package_identification:_identify(Milestone02/video) by extensions ['ros']
[1.103s] Level 1:colcon.colcon_core.package_identification:_identify(Milestone02/video) by extension 'ros'
[1.104s] Level 1:colcon.colcon_core.package_identification:_identify(Milestone02/video) by extensions ['cmake', 'python']
[1.104s] Level 1:colcon.colcon_core.package_identification:_identify(Milestone02/video) by extension 'cmake'
[1.104s] Level 1:colcon.colcon_core.package_identification:_identify(Milestone02/video) by extension 'python'
[1.104s] Level 1:colcon.colcon_core.package_identification:_identify(Milestone02/video) by extensions ['python_setup_py']
[1.104s] Level 1:colcon.colcon_core.package_identification:_identify(Milestone02/video) by extension 'python_setup_py'
[1.104s] Level 1:colcon.colcon_core.package_identification:_identify(Milestone03) by extensions ['ignore', 'ignore_ament_install']
[1.104s] Level 1:colcon.colcon_core.package_identification:_identify(Milestone03) by extension 'ignore'
[1.104s] Level 1:colcon.colcon_core.package_identification:_identify(Milestone03) by extension 'ignore_ament_install'
[1.104s] Level 1:colcon.colcon_core.package_identification:_identify(Milestone03) by extensions ['colcon_pkg']
[1.104s] Level 1:colcon.colcon_core.package_identification:_identify(Milestone03) by extension 'colcon_pkg'
[1.104s] Level 1:colcon.colcon_core.package_identification:_identify(Milestone03) by extensions ['colcon_meta']
[1.104s] Level 1:colcon.colcon_core.package_identification:_identify(Milestone03) by extension 'colcon_meta'
[1.104s] Level 1:colcon.colcon_core.package_identification:_identify(Milestone03) by extensions ['ros']
[1.104s] Level 1:colcon.colcon_core.package_identification:_identify(Milestone03) by extension 'ros'
[1.104s] Level 1:colcon.colcon_core.package_identification:_identify(Milestone03) by extensions ['cmake', 'python']
[1.104s] Level 1:colcon.colcon_core.package_identification:_identify(Milestone03) by extension 'cmake'
[1.104s] Level 1:colcon.colcon_core.package_identification:_identify(Milestone03) by extension 'python'
[1.104s] Level 1:colcon.colcon_core.package_identification:_identify(Milestone03) by extensions ['python_setup_py']
[1.104s] Level 1:colcon.colcon_core.package_identification:_identify(Milestone03) by extension 'python_setup_py'
[1.104s] Level 1:colcon.colcon_core.package_identification:_identify(Milestone03/codes) by extensions ['ignore', 'ignore_ament_install']
[1.104s] Level 1:colcon.colcon_core.package_identification:_identify(Milestone03/codes) by extension 'ignore'
[1.104s] Level 1:colcon.colcon_core.package_identification:_identify(Milestone03/codes) by extension 'ignore_ament_install'
[1.104s] Level 1:colcon.colcon_core.package_identification:_identify(Milestone03/codes) by extensions ['colcon_pkg']
[1.105s] Level 1:colcon.colcon_core.package_identification:_identify(Milestone03/codes) by extension 'colcon_pkg'
[1.105s] Level 1:colcon.colcon_core.package_identification:_identify(Milestone03/codes) by extensions ['colcon_meta']
[1.105s] Level 1:colcon.colcon_core.package_identification:_identify(Milestone03/codes) by extension 'colcon_meta'
[1.105s] Level 1:colcon.colcon_core.package_identification:_identify(Milestone03/codes) by extensions ['ros']
[1.105s] Level 1:colcon.colcon_core.package_identification:_identify(Milestone03/codes) by extension 'ros'
[1.105s] Level 1:colcon.colcon_core.package_identification:_identify(Milestone03/codes) by extensions ['cmake', 'python']
[1.105s] Level 1:colcon.colcon_core.package_identification:_identify(Milestone03/codes) by extension 'cmake'
[1.105s] Level 1:colcon.colcon_core.package_identification:_identify(Milestone03/codes) by extension 'python'
[1.105s] Level 1:colcon.colcon_core.package_identification:_identify(Milestone03/codes) by extensions ['python_setup_py']
[1.105s] Level 1:colcon.colcon_core.package_identification:_identify(Milestone03/codes) by extension 'python_setup_py'
[1.105s] Level 1:colcon.colcon_core.package_identification:_identify(Milestone03/codes/__pycache__) by extensions ['ignore', 'ignore_ament_install']
[1.105s] Level 1:colcon.colcon_core.package_identification:_identify(Milestone03/codes/__pycache__) by extension 'ignore'
[1.105s] Level 1:colcon.colcon_core.package_identification:_identify(Milestone03/codes/__pycache__) by extension 'ignore_ament_install'
[1.105s] Level 1:colcon.colcon_core.package_identification:_identify(Milestone03/codes/__pycache__) by extensions ['colcon_pkg']
[1.105s] Level 1:colcon.colcon_core.package_identification:_identify(Milestone03/codes/__pycache__) by extension 'colcon_pkg'
[1.105s] Level 1:colcon.colcon_core.package_identification:_identify(Milestone03/codes/__pycache__) by extensions ['colcon_meta']
[1.105s] Level 1:colcon.colcon_core.package_identification:_identify(Milestone03/codes/__pycache__) by extension 'colcon_meta'
[1.105s] Level 1:colcon.colcon_core.package_identification:_identify(Milestone03/codes/__pycache__) by extensions ['ros']
[1.105s] Level 1:colcon.colcon_core.package_identification:_identify(Milestone03/codes/__pycache__) by extension 'ros'
[1.105s] Level 1:colcon.colcon_core.package_identification:_identify(Milestone03/codes/__pycache__) by extensions ['cmake', 'python']
[1.105s] Level 1:colcon.colcon_core.package_identification:_identify(Milestone03/codes/__pycache__) by extension 'cmake'
[1.105s] Level 1:colcon.colcon_core.package_identification:_identify(Milestone03/codes/__pycache__) by extension 'python'
[1.105s] Level 1:colcon.colcon_core.package_identification:_identify(Milestone03/codes/__pycache__) by extensions ['python_setup_py']
[1.105s] Level 1:colcon.colcon_core.package_identification:_identify(Milestone03/codes/__pycache__) by extension 'python_setup_py'
[1.106s] Level 1:colcon.colcon_core.package_identification:_identify(Milestone03/report) by extensions ['ignore', 'ignore_ament_install']
[1.106s] Level 1:colcon.colcon_core.package_identification:_identify(Milestone03/report) by extension 'ignore'
[1.106s] Level 1:colcon.colcon_core.package_identification:_identify(Milestone03/report) by extension 'ignore_ament_install'
[1.106s] Level 1:colcon.colcon_core.package_identification:_identify(Milestone03/report) by extensions ['colcon_pkg']
[1.106s] Level 1:colcon.colcon_core.package_identification:_identify(Milestone03/report) by extension 'colcon_pkg'
[1.106s] Level 1:colcon.colcon_core.package_identification:_identify(Milestone03/report) by extensions ['colcon_meta']
[1.106s] Level 1:colcon.colcon_core.package_identification:_identify(Milestone03/report) by extension 'colcon_meta'
[1.106s] Level 1:colcon.colcon_core.package_identification:_identify(Milestone03/report) by extensions ['ros']
[1.106s] Level 1:colcon.colcon_core.package_identification:_identify(Milestone03/report) by extension 'ros'
[1.106s] Level 1:colcon.colcon_core.package_identification:_identify(Milestone03/report) by extensions ['cmake', 'python']
[1.106s] Level 1:colcon.colcon_core.package_identification:_identify(Milestone03/report) by extension 'cmake'
[1.106s] Level 1:colcon.colcon_core.package_identification:_identify(Milestone03/report) by extension 'python'
[1.106s] Level 1:colcon.colcon_core.package_identification:_identify(Milestone03/report) by extensions ['python_setup_py']
[1.106s] Level 1:colcon.colcon_core.package_identification:_identify(Milestone03/report) by extension 'python_setup_py'
[1.106s] Level 1:colcon.colcon_core.package_identification:_identify(Milestone03/videos) by extensions ['ignore', 'ignore_ament_install']
[1.106s] Level 1:colcon.colcon_core.package_identification:_identify(Milestone03/videos) by extension 'ignore'
[1.106s] Level 1:colcon.colcon_core.package_identification:_identify(Milestone03/videos) by extension 'ignore_ament_install'
[1.106s] Level 1:colcon.colcon_core.package_identification:_identify(Milestone03/videos) by extensions ['colcon_pkg']
[1.106s] Level 1:colcon.colcon_core.package_identification:_identify(Milestone03/videos) by extension 'colcon_pkg'
[1.106s] Level 1:colcon.colcon_core.package_identification:_identify(Milestone03/videos) by extensions ['colcon_meta']
[1.106s] Level 1:colcon.colcon_core.package_identification:_identify(Milestone03/videos) by extension 'colcon_meta'
[1.106s] Level 1:colcon.colcon_core.package_identification:_identify(Milestone03/videos) by extensions ['ros']
[1.106s] Level 1:colcon.colcon_core.package_identification:_identify(Milestone03/videos) by extension 'ros'
[1.107s] Level 1:colcon.colcon_core.package_identification:_identify(Milestone03/videos) by extensions ['cmake', 'python']
[1.107s] Level 1:colcon.colcon_core.package_identification:_identify(Milestone03/videos) by extension 'cmake'
[1.107s] Level 1:colcon.colcon_core.package_identification:_identify(Milestone03/videos) by extension 'python'
[1.107s] Level 1:colcon.colcon_core.package_identification:_identify(Milestone03/videos) by extensions ['python_setup_py']
[1.107s] Level 1:colcon.colcon_core.package_identification:_identify(Milestone03/videos) by extension 'python_setup_py'
[1.107s] Level 1:colcon.colcon_core.package_identification:_identify(Milestone04) by extensions ['ignore', 'ignore_ament_install']
[1.107s] Level 1:colcon.colcon_core.package_identification:_identify(Milestone04) by extension 'ignore'
[1.107s] Level 1:colcon.colcon_core.package_identification:_identify(Milestone04) by extension 'ignore_ament_install'
[1.107s] Level 1:colcon.colcon_core.package_identification:_identify(Milestone04) by extensions ['colcon_pkg']
[1.107s] Level 1:colcon.colcon_core.package_identification:_identify(Milestone04) by extension 'colcon_pkg'
[1.107s] Level 1:colcon.colcon_core.package_identification:_identify(Milestone04) by extensions ['colcon_meta']
[1.107s] Level 1:colcon.colcon_core.package_identification:_identify(Milestone04) by extension 'colcon_meta'
[1.107s] Level 1:colcon.colcon_core.package_identification:_identify(Milestone04) by extensions ['ros']
[1.107s] Level 1:colcon.colcon_core.package_identification:_identify(Milestone04) by extension 'ros'
[1.107s] Level 1:colcon.colcon_core.package_identification:_identify(Milestone04) by extensions ['cmake', 'python']
[1.107s] Level 1:colcon.colcon_core.package_identification:_identify(Milestone04) by extension 'cmake'
[1.107s] Level 1:colcon.colcon_core.package_identification:_identify(Milestone04) by extension 'python'
[1.107s] Level 1:colcon.colcon_core.package_identification:_identify(Milestone04) by extensions ['python_setup_py']
[1.107s] Level 1:colcon.colcon_core.package_identification:_identify(Milestone04) by extension 'python_setup_py'
[1.107s] Level 1:colcon.colcon_core.package_identification:_identify(build) by extensions ['ignore', 'ignore_ament_install']
[1.107s] Level 1:colcon.colcon_core.package_identification:_identify(build) by extension 'ignore'
[1.107s] Level 1:colcon.colcon_core.package_identification:_identify(build) ignored
[1.108s] Level 1:colcon.colcon_core.package_identification:_identify(install) by extensions ['ignore', 'ignore_ament_install']
[1.108s] Level 1:colcon.colcon_core.package_identification:_identify(install) by extension 'ignore'
[1.108s] Level 1:colcon.colcon_core.package_identification:_identify(install) ignored
[1.108s] Level 1:colcon.colcon_core.package_identification:_identify(log) by extensions ['ignore', 'ignore_ament_install']
[1.108s] Level 1:colcon.colcon_core.package_identification:_identify(log) by extension 'ignore'
[1.108s] Level 1:colcon.colcon_core.package_identification:_identify(log) ignored
[1.108s] Level 1:colcon.colcon_core.package_identification:_identify(mujoco-3.2.0) by extensions ['ignore', 'ignore_ament_install']
[1.108s] Level 1:colcon.colcon_core.package_identification:_identify(mujoco-3.2.0) by extension 'ignore'
[1.108s] Level 1:colcon.colcon_core.package_identification:_identify(mujoco-3.2.0) by extension 'ignore_ament_install'
[1.108s] Level 1:colcon.colcon_core.package_identification:_identify(mujoco-3.2.0) by extensions ['colcon_pkg']
[1.108s] Level 1:colcon.colcon_core.package_identification:_identify(mujoco-3.2.0) by extension 'colcon_pkg'
[1.108s] Level 1:colcon.colcon_core.package_identification:_identify(mujoco-3.2.0) by extensions ['colcon_meta']
[1.108s] Level 1:colcon.colcon_core.package_identification:_identify(mujoco-3.2.0) by extension 'colcon_meta'
[1.108s] Level 1:colcon.colcon_core.package_identification:_identify(mujoco-3.2.0) by extensions ['ros']
[1.108s] Level 1:colcon.colcon_core.package_identification:_identify(mujoco-3.2.0) by extension 'ros'
[1.108s] Level 1:colcon.colcon_core.package_identification:_identify(mujoco-3.2.0) by extensions ['cmake', 'python']
[1.108s] Level 1:colcon.colcon_core.package_identification:_identify(mujoco-3.2.0) by extension 'cmake'
[1.108s] Level 1:colcon.colcon_core.package_identification:_identify(mujoco-3.2.0) by extension 'python'
[1.108s] Level 1:colcon.colcon_core.package_identification:_identify(mujoco-3.2.0) by extensions ['python_setup_py']
[1.109s] Level 1:colcon.colcon_core.package_identification:_identify(mujoco-3.2.0) by extension 'python_setup_py'
[1.109s] Level 1:colcon.colcon_core.package_identification:_identify(mujoco-3.2.0/bin) by extensions ['ignore', 'ignore_ament_install']
[1.109s] Level 1:colcon.colcon_core.package_identification:_identify(mujoco-3.2.0/bin) by extension 'ignore'
[1.109s] Level 1:colcon.colcon_core.package_identification:_identify(mujoco-3.2.0/bin) by extension 'ignore_ament_install'
[1.109s] Level 1:colcon.colcon_core.package_identification:_identify(mujoco-3.2.0/bin) by extensions ['colcon_pkg']
[1.109s] Level 1:colcon.colcon_core.package_identification:_identify(mujoco-3.2.0/bin) by extension 'colcon_pkg'
[1.109s] Level 1:colcon.colcon_core.package_identification:_identify(mujoco-3.2.0/bin) by extensions ['colcon_meta']
[1.109s] Level 1:colcon.colcon_core.package_identification:_identify(mujoco-3.2.0/bin) by extension 'colcon_meta'
[1.109s] Level 1:colcon.colcon_core.package_identification:_identify(mujoco-3.2.0/bin) by extensions ['ros']
[1.109s] Level 1:colcon.colcon_core.package_identification:_identify(mujoco-3.2.0/bin) by extension 'ros'
[1.109s] Level 1:colcon.colcon_core.package_identification:_identify(mujoco-3.2.0/bin) by extensions ['cmake', 'python']
[1.109s] Level 1:colcon.colcon_core.package_identification:_identify(mujoco-3.2.0/bin) by extension 'cmake'
[1.109s] Level 1:colcon.colcon_core.package_identification:_identify(mujoco-3.2.0/bin) by extension 'python'
[1.109s] Level 1:colcon.colcon_core.package_identification:_identify(mujoco-3.2.0/bin) by extensions ['python_setup_py']
[1.109s] Level 1:colcon.colcon_core.package_identification:_identify(mujoco-3.2.0/bin) by extension 'python_setup_py'
[1.109s] Level 1:colcon.colcon_core.package_identification:_identify(mujoco-3.2.0/bin/mujoco_plugin) by extensions ['ignore', 'ignore_ament_install']
[1.109s] Level 1:colcon.colcon_core.package_identification:_identify(mujoco-3.2.0/bin/mujoco_plugin) by extension 'ignore'
[1.109s] Level 1:colcon.colcon_core.package_identification:_identify(mujoco-3.2.0/bin/mujoco_plugin) by extension 'ignore_ament_install'
[1.109s] Level 1:colcon.colcon_core.package_identification:_identify(mujoco-3.2.0/bin/mujoco_plugin) by extensions ['colcon_pkg']
[1.109s] Level 1:colcon.colcon_core.package_identification:_identify(mujoco-3.2.0/bin/mujoco_plugin) by extension 'colcon_pkg'
[1.110s] Level 1:colcon.colcon_core.package_identification:_identify(mujoco-3.2.0/bin/mujoco_plugin) by extensions ['colcon_meta']
[1.110s] Level 1:colcon.colcon_core.package_identification:_identify(mujoco-3.2.0/bin/mujoco_plugin) by extension 'colcon_meta'
[1.110s] Level 1:colcon.colcon_core.package_identification:_identify(mujoco-3.2.0/bin/mujoco_plugin) by extensions ['ros']
[1.110s] Level 1:colcon.colcon_core.package_identification:_identify(mujoco-3.2.0/bin/mujoco_plugin) by extension 'ros'
[1.110s] Level 1:colcon.colcon_core.package_identification:_identify(mujoco-3.2.0/bin/mujoco_plugin) by extensions ['cmake', 'python']
[1.110s] Level 1:colcon.colcon_core.package_identification:_identify(mujoco-3.2.0/bin/mujoco_plugin) by extension 'cmake'
[1.110s] Level 1:colcon.colcon_core.package_identification:_identify(mujoco-3.2.0/bin/mujoco_plugin) by extension 'python'
[1.110s] Level 1:colcon.colcon_core.package_identification:_identify(mujoco-3.2.0/bin/mujoco_plugin) by extensions ['python_setup_py']
[1.110s] Level 1:colcon.colcon_core.package_identification:_identify(mujoco-3.2.0/bin/mujoco_plugin) by extension 'python_setup_py'
[1.110s] Level 1:colcon.colcon_core.package_identification:_identify(mujoco-3.2.0/include) by extensions ['ignore', 'ignore_ament_install']
[1.110s] Level 1:colcon.colcon_core.package_identification:_identify(mujoco-3.2.0/include) by extension 'ignore'
[1.110s] Level 1:colcon.colcon_core.package_identification:_identify(mujoco-3.2.0/include) by extension 'ignore_ament_install'
[1.110s] Level 1:colcon.colcon_core.package_identification:_identify(mujoco-3.2.0/include) by extensions ['colcon_pkg']
[1.110s] Level 1:colcon.colcon_core.package_identification:_identify(mujoco-3.2.0/include) by extension 'colcon_pkg'
[1.110s] Level 1:colcon.colcon_core.package_identification:_identify(mujoco-3.2.0/include) by extensions ['colcon_meta']
[1.110s] Level 1:colcon.colcon_core.package_identification:_identify(mujoco-3.2.0/include) by extension 'colcon_meta'
[1.110s] Level 1:colcon.colcon_core.package_identification:_identify(mujoco-3.2.0/include) by extensions ['ros']
[1.110s] Level 1:colcon.colcon_core.package_identification:_identify(mujoco-3.2.0/include) by extension 'ros'
[1.110s] Level 1:colcon.colcon_core.package_identification:_identify(mujoco-3.2.0/include) by extensions ['cmake', 'python']
[1.110s] Level 1:colcon.colcon_core.package_identification:_identify(mujoco-3.2.0/include) by extension 'cmake'
[1.110s] Level 1:colcon.colcon_core.package_identification:_identify(mujoco-3.2.0/include) by extension 'python'
[1.110s] Level 1:colcon.colcon_core.package_identification:_identify(mujoco-3.2.0/include) by extensions ['python_setup_py']
[1.110s] Level 1:colcon.colcon_core.package_identification:_identify(mujoco-3.2.0/include) by extension 'python_setup_py'
[1.111s] Level 1:colcon.colcon_core.package_identification:_identify(mujoco-3.2.0/include/mujoco) by extensions ['ignore', 'ignore_ament_install']
[1.111s] Level 1:colcon.colcon_core.package_identification:_identify(mujoco-3.2.0/include/mujoco) by extension 'ignore'
[1.111s] Level 1:colcon.colcon_core.package_identification:_identify(mujoco-3.2.0/include/mujoco) by extension 'ignore_ament_install'
[1.111s] Level 1:colcon.colcon_core.package_identification:_identify(mujoco-3.2.0/include/mujoco) by extensions ['colcon_pkg']
[1.111s] Level 1:colcon.colcon_core.package_identification:_identify(mujoco-3.2.0/include/mujoco) by extension 'colcon_pkg'
[1.111s] Level 1:colcon.colcon_core.package_identification:_identify(mujoco-3.2.0/include/mujoco) by extensions ['colcon_meta']
[1.111s] Level 1:colcon.colcon_core.package_identification:_identify(mujoco-3.2.0/include/mujoco) by extension 'colcon_meta'
[1.111s] Level 1:colcon.colcon_core.package_identification:_identify(mujoco-3.2.0/include/mujoco) by extensions ['ros']
[1.111s] Level 1:colcon.colcon_core.package_identification:_identify(mujoco-3.2.0/include/mujoco) by extension 'ros'
[1.111s] Level 1:colcon.colcon_core.package_identification:_identify(mujoco-3.2.0/include/mujoco) by extensions ['cmake', 'python']
[1.111s] Level 1:colcon.colcon_core.package_identification:_identify(mujoco-3.2.0/include/mujoco) by extension 'cmake'
[1.111s] Level 1:colcon.colcon_core.package_identification:_identify(mujoco-3.2.0/include/mujoco) by extension 'python'
[1.111s] Level 1:colcon.colcon_core.package_identification:_identify(mujoco-3.2.0/include/mujoco) by extensions ['python_setup_py']
[1.111s] Level 1:colcon.colcon_core.package_identification:_identify(mujoco-3.2.0/include/mujoco) by extension 'python_setup_py'
[1.111s] Level 1:colcon.colcon_core.package_identification:_identify(mujoco-3.2.0/lib) by extensions ['ignore', 'ignore_ament_install']
[1.111s] Level 1:colcon.colcon_core.package_identification:_identify(mujoco-3.2.0/lib) by extension 'ignore'
[1.111s] Level 1:colcon.colcon_core.package_identification:_identify(mujoco-3.2.0/lib) by extension 'ignore_ament_install'
[1.111s] Level 1:colcon.colcon_core.package_identification:_identify(mujoco-3.2.0/lib) by extensions ['colcon_pkg']
[1.111s] Level 1:colcon.colcon_core.package_identification:_identify(mujoco-3.2.0/lib) by extension 'colcon_pkg'
[1.111s] Level 1:colcon.colcon_core.package_identification:_identify(mujoco-3.2.0/lib) by extensions ['colcon_meta']
[1.111s] Level 1:colcon.colcon_core.package_identification:_identify(mujoco-3.2.0/lib) by extension 'colcon_meta'
[1.111s] Level 1:colcon.colcon_core.package_identification:_identify(mujoco-3.2.0/lib) by extensions ['ros']
[1.112s] Level 1:colcon.colcon_core.package_identification:_identify(mujoco-3.2.0/lib) by extension 'ros'
[1.112s] Level 1:colcon.colcon_core.package_identification:_identify(mujoco-3.2.0/lib) by extensions ['cmake', 'python']
[1.112s] Level 1:colcon.colcon_core.package_identification:_identify(mujoco-3.2.0/lib) by extension 'cmake'
[1.112s] Level 1:colcon.colcon_core.package_identification:_identify(mujoco-3.2.0/lib) by extension 'python'
[1.112s] Level 1:colcon.colcon_core.package_identification:_identify(mujoco-3.2.0/lib) by extensions ['python_setup_py']
[1.112s] Level 1:colcon.colcon_core.package_identification:_identify(mujoco-3.2.0/lib) by extension 'python_setup_py'
[1.112s] Level 1:colcon.colcon_core.package_identification:_identify(mujoco-3.2.0/model) by extensions ['ignore', 'ignore_ament_install']
[1.112s] Level 1:colcon.colcon_core.package_identification:_identify(mujoco-3.2.0/model) by extension 'ignore'
[1.112s] Level 1:colcon.colcon_core.package_identification:_identify(mujoco-3.2.0/model) by extension 'ignore_ament_install'
[1.112s] Level 1:colcon.colcon_core.package_identification:_identify(mujoco-3.2.0/model) by extensions ['colcon_pkg']
[1.112s] Level 1:colcon.colcon_core.package_identification:_identify(mujoco-3.2.0/model) by extension 'colcon_pkg'
[1.112s] Level 1:colcon.colcon_core.package_identification:_identify(mujoco-3.2.0/model) by extensions ['colcon_meta']
[1.112s] Level 1:colcon.colcon_core.package_identification:_identify(mujoco-3.2.0/model) by extension 'colcon_meta'
[1.112s] Level 1:colcon.colcon_core.package_identification:_identify(mujoco-3.2.0/model) by extensions ['ros']
[1.112s] Level 1:colcon.colcon_core.package_identification:_identify(mujoco-3.2.0/model) by extension 'ros'
[1.112s] Level 1:colcon.colcon_core.package_identification:_identify(mujoco-3.2.0/model) by extensions ['cmake', 'python']
[1.112s] Level 1:colcon.colcon_core.package_identification:_identify(mujoco-3.2.0/model) by extension 'cmake'
[1.112s] Level 1:colcon.colcon_core.package_identification:_identify(mujoco-3.2.0/model) by extension 'python'
[1.112s] Level 1:colcon.colcon_core.package_identification:_identify(mujoco-3.2.0/model) by extensions ['python_setup_py']
[1.112s] Level 1:colcon.colcon_core.package_identification:_identify(mujoco-3.2.0/model) by extension 'python_setup_py'
[1.112s] Level 1:colcon.colcon_core.package_identification:_identify(mujoco-3.2.0/model/adhesion) by extensions ['ignore', 'ignore_ament_install']
[1.113s] Level 1:colcon.colcon_core.package_identification:_identify(mujoco-3.2.0/model/adhesion) by extension 'ignore'
[1.113s] Level 1:colcon.colcon_core.package_identification:_identify(mujoco-3.2.0/model/adhesion) by extension 'ignore_ament_install'
[1.113s] Level 1:colcon.colcon_core.package_identification:_identify(mujoco-3.2.0/model/adhesion) by extensions ['colcon_pkg']
[1.113s] Level 1:colcon.colcon_core.package_identification:_identify(mujoco-3.2.0/model/adhesion) by extension 'colcon_pkg'
[1.113s] Level 1:colcon.colcon_core.package_identification:_identify(mujoco-3.2.0/model/adhesion) by extensions ['colcon_meta']
[1.113s] Level 1:colcon.colcon_core.package_identification:_identify(mujoco-3.2.0/model/adhesion) by extension 'colcon_meta'
[1.113s] Level 1:colcon.colcon_core.package_identification:_identify(mujoco-3.2.0/model/adhesion) by extensions ['ros']
[1.113s] Level 1:colcon.colcon_core.package_identification:_identify(mujoco-3.2.0/model/adhesion) by extension 'ros'
[1.113s] Level 1:colcon.colcon_core.package_identification:_identify(mujoco-3.2.0/model/adhesion) by extensions ['cmake', 'python']
[1.113s] Level 1:colcon.colcon_core.package_identification:_identify(mujoco-3.2.0/model/adhesion) by extension 'cmake'
[1.113s] Level 1:colcon.colcon_core.package_identification:_identify(mujoco-3.2.0/model/adhesion) by extension 'python'
[1.113s] Level 1:colcon.colcon_core.package_identification:_identify(mujoco-3.2.0/model/adhesion) by extensions ['python_setup_py']
[1.113s] Level 1:colcon.colcon_core.package_identification:_identify(mujoco-3.2.0/model/adhesion) by extension 'python_setup_py'
[1.113s] Level 1:colcon.colcon_core.package_identification:_identify(mujoco-3.2.0/model/balloons) by extensions ['ignore', 'ignore_ament_install']
[1.113s] Level 1:colcon.colcon_core.package_identification:_identify(mujoco-3.2.0/model/balloons) by extension 'ignore'
[1.113s] Level 1:colcon.colcon_core.package_identification:_identify(mujoco-3.2.0/model/balloons) by extension 'ignore_ament_install'
[1.113s] Level 1:colcon.colcon_core.package_identification:_identify(mujoco-3.2.0/model/balloons) by extensions ['colcon_pkg']
[1.113s] Level 1:colcon.colcon_core.package_identification:_identify(mujoco-3.2.0/model/balloons) by extension 'colcon_pkg'
[1.113s] Level 1:colcon.colcon_core.package_identification:_identify(mujoco-3.2.0/model/balloons) by extensions ['colcon_meta']
[1.113s] Level 1:colcon.colcon_core.package_identification:_identify(mujoco-3.2.0/model/balloons) by extension 'colcon_meta'
[1.113s] Level 1:colcon.colcon_core.package_identification:_identify(mujoco-3.2.0/model/balloons) by extensions ['ros']
[1.113s] Level 1:colcon.colcon_core.package_identification:_identify(mujoco-3.2.0/model/balloons) by extension 'ros'
[1.113s] Level 1:colcon.colcon_core.package_identification:_identify(mujoco-3.2.0/model/balloons) by extensions ['cmake', 'python']
[1.113s] Level 1:colcon.colcon_core.package_identification:_identify(mujoco-3.2.0/model/balloons) by extension 'cmake'
[1.114s] Level 1:colcon.colcon_core.package_identification:_identify(mujoco-3.2.0/model/balloons) by extension 'python'
[1.114s] Level 1:colcon.colcon_core.package_identification:_identify(mujoco-3.2.0/model/balloons) by extensions ['python_setup_py']
[1.114s] Level 1:colcon.colcon_core.package_identification:_identify(mujoco-3.2.0/model/balloons) by extension 'python_setup_py'
[1.114s] Level 1:colcon.colcon_core.package_identification:_identify(mujoco-3.2.0/model/car) by extensions ['ignore', 'ignore_ament_install']
[1.114s] Level 1:colcon.colcon_core.package_identification:_identify(mujoco-3.2.0/model/car) by extension 'ignore'
[1.114s] Level 1:colcon.colcon_core.package_identification:_identify(mujoco-3.2.0/model/car) by extension 'ignore_ament_install'
[1.114s] Level 1:colcon.colcon_core.package_identification:_identify(mujoco-3.2.0/model/car) by extensions ['colcon_pkg']
[1.114s] Level 1:colcon.colcon_core.package_identification:_identify(mujoco-3.2.0/model/car) by extension 'colcon_pkg'
[1.114s] Level 1:colcon.colcon_core.package_identification:_identify(mujoco-3.2.0/model/car) by extensions ['colcon_meta']
[1.114s] Level 1:colcon.colcon_core.package_identification:_identify(mujoco-3.2.0/model/car) by extension 'colcon_meta'
[1.114s] Level 1:colcon.colcon_core.package_identification:_identify(mujoco-3.2.0/model/car) by extensions ['ros']
[1.114s] Level 1:colcon.colcon_core.package_identification:_identify(mujoco-3.2.0/model/car) by extension 'ros'
[1.114s] Level 1:colcon.colcon_core.package_identification:_identify(mujoco-3.2.0/model/car) by extensions ['cmake', 'python']
[1.114s] Level 1:colcon.colcon_core.package_identification:_identify(mujoco-3.2.0/model/car) by extension 'cmake'
[1.114s] Level 1:colcon.colcon_core.package_identification:_identify(mujoco-3.2.0/model/car) by extension 'python'
[1.114s] Level 1:colcon.colcon_core.package_identification:_identify(mujoco-3.2.0/model/car) by extensions ['python_setup_py']
[1.114s] Level 1:colcon.colcon_core.package_identification:_identify(mujoco-3.2.0/model/car) by extension 'python_setup_py'
[1.114s] Level 1:colcon.colcon_core.package_identification:_identify(mujoco-3.2.0/model/cards) by extensions ['ignore', 'ignore_ament_install']
[1.114s] Level 1:colcon.colcon_core.package_identification:_identify(mujoco-3.2.0/model/cards) by extension 'ignore'
[1.114s] Level 1:colcon.colcon_core.package_identification:_identify(mujoco-3.2.0/model/cards) by extension 'ignore_ament_install'
[1.114s] Level 1:colcon.colcon_core.package_identification:_identify(mujoco-3.2.0/model/cards) by extensions ['colcon_pkg']
[1.115s] Level 1:colcon.colcon_core.package_identification:_identify(mujoco-3.2.0/model/cards) by extension 'colcon_pkg'
[1.115s] Level 1:colcon.colcon_core.package_identification:_identify(mujoco-3.2.0/model/cards) by extensions ['colcon_meta']
[1.115s] Level 1:colcon.colcon_core.package_identification:_identify(mujoco-3.2.0/model/cards) by extension 'colcon_meta'
[1.115s] Level 1:colcon.colcon_core.package_identification:_identify(mujoco-3.2.0/model/cards) by extensions ['ros']
[1.115s] Level 1:colcon.colcon_core.package_identification:_identify(mujoco-3.2.0/model/cards) by extension 'ros'
[1.115s] Level 1:colcon.colcon_core.package_identification:_identify(mujoco-3.2.0/model/cards) by extensions ['cmake', 'python']
[1.115s] Level 1:colcon.colcon_core.package_identification:_identify(mujoco-3.2.0/model/cards) by extension 'cmake'
[1.115s] Level 1:colcon.colcon_core.package_identification:_identify(mujoco-3.2.0/model/cards) by extension 'python'
[1.115s] Level 1:colcon.colcon_core.package_identification:_identify(mujoco-3.2.0/model/cards) by extensions ['python_setup_py']
[1.115s] Level 1:colcon.colcon_core.package_identification:_identify(mujoco-3.2.0/model/cards) by extension 'python_setup_py'
[1.115s] Level 1:colcon.colcon_core.package_identification:_identify(mujoco-3.2.0/model/cards/assets) by extensions ['ignore', 'ignore_ament_install']
[1.115s] Level 1:colcon.colcon_core.package_identification:_identify(mujoco-3.2.0/model/cards/assets) by extension 'ignore'
[1.115s] Level 1:colcon.colcon_core.package_identification:_identify(mujoco-3.2.0/model/cards/assets) by extension 'ignore_ament_install'
[1.115s] Level 1:colcon.colcon_core.package_identification:_identify(mujoco-3.2.0/model/cards/assets) by extensions ['colcon_pkg']
[1.115s] Level 1:colcon.colcon_core.package_identification:_identify(mujoco-3.2.0/model/cards/assets) by extension 'colcon_pkg'
[1.115s] Level 1:colcon.colcon_core.package_identification:_identify(mujoco-3.2.0/model/cards/assets) by extensions ['colcon_meta']
[1.115s] Level 1:colcon.colcon_core.package_identification:_identify(mujoco-3.2.0/model/cards/assets) by extension 'colcon_meta'
[1.115s] Level 1:colcon.colcon_core.package_identification:_identify(mujoco-3.2.0/model/cards/assets) by extensions ['ros']
[1.115s] Level 1:colcon.colcon_core.package_identification:_identify(mujoco-3.2.0/model/cards/assets) by extension 'ros'
[1.115s] Level 1:colcon.colcon_core.package_identification:_identify(mujoco-3.2.0/model/cards/assets) by extensions ['cmake', 'python']
[1.115s] Level 1:colcon.colcon_core.package_identification:_identify(mujoco-3.2.0/model/cards/assets) by extension 'cmake'
[1.115s] Level 1:colcon.colcon_core.package_identification:_identify(mujoco-3.2.0/model/cards/assets) by extension 'python'
[1.115s] Level 1:colcon.colcon_core.package_identification:_identify(mujoco-3.2.0/model/cards/assets) by extensions ['python_setup_py']
[1.115s] Level 1:colcon.colcon_core.package_identification:_identify(mujoco-3.2.0/model/cards/assets) by extension 'python_setup_py'
[1.116s] Level 1:colcon.colcon_core.package_identification:_identify(mujoco-3.2.0/model/composite) by extensions ['ignore', 'ignore_ament_install']
[1.116s] Level 1:colcon.colcon_core.package_identification:_identify(mujoco-3.2.0/model/composite) by extension 'ignore'
[1.116s] Level 1:colcon.colcon_core.package_identification:_identify(mujoco-3.2.0/model/composite) by extension 'ignore_ament_install'
[1.116s] Level 1:colcon.colcon_core.package_identification:_identify(mujoco-3.2.0/model/composite) by extensions ['colcon_pkg']
[1.116s] Level 1:colcon.colcon_core.package_identification:_identify(mujoco-3.2.0/model/composite) by extension 'colcon_pkg'
[1.116s] Level 1:colcon.colcon_core.package_identification:_identify(mujoco-3.2.0/model/composite) by extensions ['colcon_meta']
[1.116s] Level 1:colcon.colcon_core.package_identification:_identify(mujoco-3.2.0/model/composite) by extension 'colcon_meta'
[1.116s] Level 1:colcon.colcon_core.package_identification:_identify(mujoco-3.2.0/model/composite) by extensions ['ros']
[1.116s] Level 1:colcon.colcon_core.package_identification:_identify(mujoco-3.2.0/model/composite) by extension 'ros'
[1.116s] Level 1:colcon.colcon_core.package_identification:_identify(mujoco-3.2.0/model/composite) by extensions ['cmake', 'python']
[1.116s] Level 1:colcon.colcon_core.package_identification:_identify(mujoco-3.2.0/model/composite) by extension 'cmake'
[1.116s] Level 1:colcon.colcon_core.package_identification:_identify(mujoco-3.2.0/model/composite) by extension 'python'
[1.116s] Level 1:colcon.colcon_core.package_identification:_identify(mujoco-3.2.0/model/composite) by extensions ['python_setup_py']
[1.116s] Level 1:colcon.colcon_core.package_identification:_identify(mujoco-3.2.0/model/composite) by extension 'python_setup_py'
[1.116s] Level 1:colcon.colcon_core.package_identification:_identify(mujoco-3.2.0/model/composite/asset) by extensions ['ignore', 'ignore_ament_install']
[1.116s] Level 1:colcon.colcon_core.package_identification:_identify(mujoco-3.2.0/model/composite/asset) by extension 'ignore'
[1.116s] Level 1:colcon.colcon_core.package_identification:_identify(mujoco-3.2.0/model/composite/asset) by extension 'ignore_ament_install'
[1.116s] Level 1:colcon.colcon_core.package_identification:_identify(mujoco-3.2.0/model/composite/asset) by extensions ['colcon_pkg']
[1.116s] Level 1:colcon.colcon_core.package_identification:_identify(mujoco-3.2.0/model/composite/asset) by extension 'colcon_pkg'
[1.116s] Level 1:colcon.colcon_core.package_identification:_identify(mujoco-3.2.0/model/composite/asset) by extensions ['colcon_meta']
[1.116s] Level 1:colcon.colcon_core.package_identification:_identify(mujoco-3.2.0/model/composite/asset) by extension 'colcon_meta'
[1.117s] Level 1:colcon.colcon_core.package_identification:_identify(mujoco-3.2.0/model/composite/asset) by extensions ['ros']
[1.117s] Level 1:colcon.colcon_core.package_identification:_identify(mujoco-3.2.0/model/composite/asset) by extension 'ros'
[1.117s] Level 1:colcon.colcon_core.package_identification:_identify(mujoco-3.2.0/model/composite/asset) by extensions ['cmake', 'python']
[1.117s] Level 1:colcon.colcon_core.package_identification:_identify(mujoco-3.2.0/model/composite/asset) by extension 'cmake'
[1.117s] Level 1:colcon.colcon_core.package_identification:_identify(mujoco-3.2.0/model/composite/asset) by extension 'python'
[1.117s] Level 1:colcon.colcon_core.package_identification:_identify(mujoco-3.2.0/model/composite/asset) by extensions ['python_setup_py']
[1.117s] Level 1:colcon.colcon_core.package_identification:_identify(mujoco-3.2.0/model/composite/asset) by extension 'python_setup_py'
[1.117s] Level 1:colcon.colcon_core.package_identification:_identify(mujoco-3.2.0/model/cube) by extensions ['ignore', 'ignore_ament_install']
[1.117s] Level 1:colcon.colcon_core.package_identification:_identify(mujoco-3.2.0/model/cube) by extension 'ignore'
[1.117s] Level 1:colcon.colcon_core.package_identification:_identify(mujoco-3.2.0/model/cube) by extension 'ignore_ament_install'
[1.117s] Level 1:colcon.colcon_core.package_identification:_identify(mujoco-3.2.0/model/cube) by extensions ['colcon_pkg']
[1.117s] Level 1:colcon.colcon_core.package_identification:_identify(mujoco-3.2.0/model/cube) by extension 'colcon_pkg'
[1.117s] Level 1:colcon.colcon_core.package_identification:_identify(mujoco-3.2.0/model/cube) by extensions ['colcon_meta']
[1.117s] Level 1:colcon.colcon_core.package_identification:_identify(mujoco-3.2.0/model/cube) by extension 'colcon_meta'
[1.117s] Level 1:colcon.colcon_core.package_identification:_identify(mujoco-3.2.0/model/cube) by extensions ['ros']
[1.117s] Level 1:colcon.colcon_core.package_identification:_identify(mujoco-3.2.0/model/cube) by extension 'ros'
[1.117s] Level 1:colcon.colcon_core.package_identification:_identify(mujoco-3.2.0/model/cube) by extensions ['cmake', 'python']
[1.117s] Level 1:colcon.colcon_core.package_identification:_identify(mujoco-3.2.0/model/cube) by extension 'cmake'
[1.117s] Level 1:colcon.colcon_core.package_identification:_identify(mujoco-3.2.0/model/cube) by extension 'python'
[1.117s] Level 1:colcon.colcon_core.package_identification:_identify(mujoco-3.2.0/model/cube) by extensions ['python_setup_py']
[1.117s] Level 1:colcon.colcon_core.package_identification:_identify(mujoco-3.2.0/model/cube) by extension 'python_setup_py'
[1.117s] Level 1:colcon.colcon_core.package_identification:_identify(mujoco-3.2.0/model/cube/assets) by extensions ['ignore', 'ignore_ament_install']
[1.118s] Level 1:colcon.colcon_core.package_identification:_identify(mujoco-3.2.0/model/cube/assets) by extension 'ignore'
[1.118s] Level 1:colcon.colcon_core.package_identification:_identify(mujoco-3.2.0/model/cube/assets) by extension 'ignore_ament_install'
[1.118s] Level 1:colcon.colcon_core.package_identification:_identify(mujoco-3.2.0/model/cube/assets) by extensions ['colcon_pkg']
[1.118s] Level 1:colcon.colcon_core.package_identification:_identify(mujoco-3.2.0/model/cube/assets) by extension 'colcon_pkg'
[1.118s] Level 1:colcon.colcon_core.package_identification:_identify(mujoco-3.2.0/model/cube/assets) by extensions ['colcon_meta']
[1.118s] Level 1:colcon.colcon_core.package_identification:_identify(mujoco-3.2.0/model/cube/assets) by extension 'colcon_meta'
[1.118s] Level 1:colcon.colcon_core.package_identification:_identify(mujoco-3.2.0/model/cube/assets) by extensions ['ros']
[1.118s] Level 1:colcon.colcon_core.package_identification:_identify(mujoco-3.2.0/model/cube/assets) by extension 'ros'
[1.118s] Level 1:colcon.colcon_core.package_identification:_identify(mujoco-3.2.0/model/cube/assets) by extensions ['cmake', 'python']
[1.118s] Level 1:colcon.colcon_core.package_identification:_identify(mujoco-3.2.0/model/cube/assets) by extension 'cmake'
[1.118s] Level 1:colcon.colcon_core.package_identification:_identify(mujoco-3.2.0/model/cube/assets) by extension 'python'
[1.118s] Level 1:colcon.colcon_core.package_identification:_identify(mujoco-3.2.0/model/cube/assets) by extensions ['python_setup_py']
[1.118s] Level 1:colcon.colcon_core.package_identification:_identify(mujoco-3.2.0/model/cube/assets) by extension 'python_setup_py'
[1.118s] Level 1:colcon.colcon_core.package_identification:_identify(mujoco-3.2.0/model/hammock) by extensions ['ignore', 'ignore_ament_install']
[1.118s] Level 1:colcon.colcon_core.package_identification:_identify(mujoco-3.2.0/model/hammock) by extension 'ignore'
[1.118s] Level 1:colcon.colcon_core.package_identification:_identify(mujoco-3.2.0/model/hammock) by extension 'ignore_ament_install'
[1.118s] Level 1:colcon.colcon_core.package_identification:_identify(mujoco-3.2.0/model/hammock) by extensions ['colcon_pkg']
[1.118s] Level 1:colcon.colcon_core.package_identification:_identify(mujoco-3.2.0/model/hammock) by extension 'colcon_pkg'
[1.118s] Level 1:colcon.colcon_core.package_identification:_identify(mujoco-3.2.0/model/hammock) by extensions ['colcon_meta']
[1.118s] Level 1:colcon.colcon_core.package_identification:_identify(mujoco-3.2.0/model/hammock) by extension 'colcon_meta'
[1.118s] Level 1:colcon.colcon_core.package_identification:_identify(mujoco-3.2.0/model/hammock) by extensions ['ros']
[1.118s] Level 1:colcon.colcon_core.package_identification:_identify(mujoco-3.2.0/model/hammock) by extension 'ros'
[1.118s] Level 1:colcon.colcon_core.package_identification:_identify(mujoco-3.2.0/model/hammock) by extensions ['cmake', 'python']
[1.119s] Level 1:colcon.colcon_core.package_identification:_identify(mujoco-3.2.0/model/hammock) by extension 'cmake'
[1.119s] Level 1:colcon.colcon_core.package_identification:_identify(mujoco-3.2.0/model/hammock) by extension 'python'
[1.119s] Level 1:colcon.colcon_core.package_identification:_identify(mujoco-3.2.0/model/hammock) by extensions ['python_setup_py']
[1.119s] Level 1:colcon.colcon_core.package_identification:_identify(mujoco-3.2.0/model/hammock) by extension 'python_setup_py'
[1.119s] Level 1:colcon.colcon_core.package_identification:_identify(mujoco-3.2.0/model/humanoid) by extensions ['ignore', 'ignore_ament_install']
[1.119s] Level 1:colcon.colcon_core.package_identification:_identify(mujoco-3.2.0/model/humanoid) by extension 'ignore'
[1.119s] Level 1:colcon.colcon_core.package_identification:_identify(mujoco-3.2.0/model/humanoid) by extension 'ignore_ament_install'
[1.119s] Level 1:colcon.colcon_core.package_identification:_identify(mujoco-3.2.0/model/humanoid) by extensions ['colcon_pkg']
[1.119s] Level 1:colcon.colcon_core.package_identification:_identify(mujoco-3.2.0/model/humanoid) by extension 'colcon_pkg'
[1.119s] Level 1:colcon.colcon_core.package_identification:_identify(mujoco-3.2.0/model/humanoid) by extensions ['colcon_meta']
[1.119s] Level 1:colcon.colcon_core.package_identification:_identify(mujoco-3.2.0/model/humanoid) by extension 'colcon_meta'
[1.119s] Level 1:colcon.colcon_core.package_identification:_identify(mujoco-3.2.0/model/humanoid) by extensions ['ros']
[1.119s] Level 1:colcon.colcon_core.package_identification:_identify(mujoco-3.2.0/model/humanoid) by extension 'ros'
[1.119s] Level 1:colcon.colcon_core.package_identification:_identify(mujoco-3.2.0/model/humanoid) by extensions ['cmake', 'python']
[1.119s] Level 1:colcon.colcon_core.package_identification:_identify(mujoco-3.2.0/model/humanoid) by extension 'cmake'
[1.119s] Level 1:colcon.colcon_core.package_identification:_identify(mujoco-3.2.0/model/humanoid) by extension 'python'
[1.119s] Level 1:colcon.colcon_core.package_identification:_identify(mujoco-3.2.0/model/humanoid) by extensions ['python_setup_py']
[1.119s] Level 1:colcon.colcon_core.package_identification:_identify(mujoco-3.2.0/model/humanoid) by extension 'python_setup_py'
[1.119s] Level 1:colcon.colcon_core.package_identification:_identify(mujoco-3.2.0/model/humanoid100) by extensions ['ignore', 'ignore_ament_install']
[1.119s] Level 1:colcon.colcon_core.package_identification:_identify(mujoco-3.2.0/model/humanoid100) by extension 'ignore'
[1.119s] Level 1:colcon.colcon_core.package_identification:_identify(mujoco-3.2.0/model/humanoid100) by extension 'ignore_ament_install'
[1.119s] Level 1:colcon.colcon_core.package_identification:_identify(mujoco-3.2.0/model/humanoid100) by extensions ['colcon_pkg']
[1.119s] Level 1:colcon.colcon_core.package_identification:_identify(mujoco-3.2.0/model/humanoid100) by extension 'colcon_pkg'
[1.120s] Level 1:colcon.colcon_core.package_identification:_identify(mujoco-3.2.0/model/humanoid100) by extensions ['colcon_meta']
[1.120s] Level 1:colcon.colcon_core.package_identification:_identify(mujoco-3.2.0/model/humanoid100) by extension 'colcon_meta'
[1.120s] Level 1:colcon.colcon_core.package_identification:_identify(mujoco-3.2.0/model/humanoid100) by extensions ['ros']
[1.120s] Level 1:colcon.colcon_core.package_identification:_identify(mujoco-3.2.0/model/humanoid100) by extension 'ros'
[1.120s] Level 1:colcon.colcon_core.package_identification:_identify(mujoco-3.2.0/model/humanoid100) by extensions ['cmake', 'python']
[1.120s] Level 1:colcon.colcon_core.package_identification:_identify(mujoco-3.2.0/model/humanoid100) by extension 'cmake'
[1.120s] Level 1:colcon.colcon_core.package_identification:_identify(mujoco-3.2.0/model/humanoid100) by extension 'python'
[1.120s] Level 1:colcon.colcon_core.package_identification:_identify(mujoco-3.2.0/model/humanoid100) by extensions ['python_setup_py']
[1.120s] Level 1:colcon.colcon_core.package_identification:_identify(mujoco-3.2.0/model/humanoid100) by extension 'python_setup_py'
[1.120s] Level 1:colcon.colcon_core.package_identification:_identify(mujoco-3.2.0/model/mug) by extensions ['ignore', 'ignore_ament_install']
[1.120s] Level 1:colcon.colcon_core.package_identification:_identify(mujoco-3.2.0/model/mug) by extension 'ignore'
[1.120s] Level 1:colcon.colcon_core.package_identification:_identify(mujoco-3.2.0/model/mug) by extension 'ignore_ament_install'
[1.120s] Level 1:colcon.colcon_core.package_identification:_identify(mujoco-3.2.0/model/mug) by extensions ['colcon_pkg']
[1.120s] Level 1:colcon.colcon_core.package_identification:_identify(mujoco-3.2.0/model/mug) by extension 'colcon_pkg'
[1.120s] Level 1:colcon.colcon_core.package_identification:_identify(mujoco-3.2.0/model/mug) by extensions ['colcon_meta']
[1.120s] Level 1:colcon.colcon_core.package_identification:_identify(mujoco-3.2.0/model/mug) by extension 'colcon_meta'
[1.120s] Level 1:colcon.colcon_core.package_identification:_identify(mujoco-3.2.0/model/mug) by extensions ['ros']
[1.120s] Level 1:colcon.colcon_core.package_identification:_identify(mujoco-3.2.0/model/mug) by extension 'ros'
[1.120s] Level 1:colcon.colcon_core.package_identification:_identify(mujoco-3.2.0/model/mug) by extensions ['cmake', 'python']
[1.120s] Level 1:colcon.colcon_core.package_identification:_identify(mujoco-3.2.0/model/mug) by extension 'cmake'
[1.120s] Level 1:colcon.colcon_core.package_identification:_identify(mujoco-3.2.0/model/mug) by extension 'python'
[1.120s] Level 1:colcon.colcon_core.package_identification:_identify(mujoco-3.2.0/model/mug) by extensions ['python_setup_py']
[1.120s] Level 1:colcon.colcon_core.package_identification:_identify(mujoco-3.2.0/model/mug) by extension 'python_setup_py'
[1.121s] Level 1:colcon.colcon_core.package_identification:_identify(mujoco-3.2.0/model/plugin) by extensions ['ignore', 'ignore_ament_install']
[1.121s] Level 1:colcon.colcon_core.package_identification:_identify(mujoco-3.2.0/model/plugin) by extension 'ignore'
[1.121s] Level 1:colcon.colcon_core.package_identification:_identify(mujoco-3.2.0/model/plugin) by extension 'ignore_ament_install'
[1.121s] Level 1:colcon.colcon_core.package_identification:_identify(mujoco-3.2.0/model/plugin) by extensions ['colcon_pkg']
[1.121s] Level 1:colcon.colcon_core.package_identification:_identify(mujoco-3.2.0/model/plugin) by extension 'colcon_pkg'
[1.121s] Level 1:colcon.colcon_core.package_identification:_identify(mujoco-3.2.0/model/plugin) by extensions ['colcon_meta']
[1.121s] Level 1:colcon.colcon_core.package_identification:_identify(mujoco-3.2.0/model/plugin) by extension 'colcon_meta'
[1.121s] Level 1:colcon.colcon_core.package_identification:_identify(mujoco-3.2.0/model/plugin) by extensions ['ros']
[1.121s] Level 1:colcon.colcon_core.package_identification:_identify(mujoco-3.2.0/model/plugin) by extension 'ros'
[1.121s] Level 1:colcon.colcon_core.package_identification:_identify(mujoco-3.2.0/model/plugin) by extensions ['cmake', 'python']
[1.121s] Level 1:colcon.colcon_core.package_identification:_identify(mujoco-3.2.0/model/plugin) by extension 'cmake'
[1.121s] Level 1:colcon.colcon_core.package_identification:_identify(mujoco-3.2.0/model/plugin) by extension 'python'
[1.121s] Level 1:colcon.colcon_core.package_identification:_identify(mujoco-3.2.0/model/plugin) by extensions ['python_setup_py']
[1.121s] Level 1:colcon.colcon_core.package_identification:_identify(mujoco-3.2.0/model/plugin) by extension 'python_setup_py'
[1.121s] Level 1:colcon.colcon_core.package_identification:_identify(mujoco-3.2.0/model/plugin/actuator) by extensions ['ignore', 'ignore_ament_install']
[1.121s] Level 1:colcon.colcon_core.package_identification:_identify(mujoco-3.2.0/model/plugin/actuator) by extension 'ignore'
[1.121s] Level 1:colcon.colcon_core.package_identification:_identify(mujoco-3.2.0/model/plugin/actuator) by extension 'ignore_ament_install'
[1.121s] Level 1:colcon.colcon_core.package_identification:_identify(mujoco-3.2.0/model/plugin/actuator) by extensions ['colcon_pkg']
[1.121s] Level 1:colcon.colcon_core.package_identification:_identify(mujoco-3.2.0/model/plugin/actuator) by extension 'colcon_pkg'
[1.121s] Level 1:colcon.colcon_core.package_identification:_identify(mujoco-3.2.0/model/plugin/actuator) by extensions ['colcon_meta']
[1.121s] Level 1:colcon.colcon_core.package_identification:_identify(mujoco-3.2.0/model/plugin/actuator) by extension 'colcon_meta'
[1.121s] Level 1:colcon.colcon_core.package_identification:_identify(mujoco-3.2.0/model/plugin/actuator) by extensions ['ros']
[1.121s] Level 1:colcon.colcon_core.package_identification:_identify(mujoco-3.2.0/model/plugin/actuator) by extension 'ros'
[1.122s] Level 1:colcon.colcon_core.package_identification:_identify(mujoco-3.2.0/model/plugin/actuator) by extensions ['cmake', 'python']
[1.122s] Level 1:colcon.colcon_core.package_identification:_identify(mujoco-3.2.0/model/plugin/actuator) by extension 'cmake'
[1.122s] Level 1:colcon.colcon_core.package_identification:_identify(mujoco-3.2.0/model/plugin/actuator) by extension 'python'
[1.122s] Level 1:colcon.colcon_core.package_identification:_identify(mujoco-3.2.0/model/plugin/actuator) by extensions ['python_setup_py']
[1.122s] Level 1:colcon.colcon_core.package_identification:_identify(mujoco-3.2.0/model/plugin/actuator) by extension 'python_setup_py'
[1.122s] Level 1:colcon.colcon_core.package_identification:_identify(mujoco-3.2.0/model/plugin/elasticity) by extensions ['ignore', 'ignore_ament_install']
[1.122s] Level 1:colcon.colcon_core.package_identification:_identify(mujoco-3.2.0/model/plugin/elasticity) by extension 'ignore'
[1.122s] Level 1:colcon.colcon_core.package_identification:_identify(mujoco-3.2.0/model/plugin/elasticity) by extension 'ignore_ament_install'
[1.122s] Level 1:colcon.colcon_core.package_identification:_identify(mujoco-3.2.0/model/plugin/elasticity) by extensions ['colcon_pkg']
[1.122s] Level 1:colcon.colcon_core.package_identification:_identify(mujoco-3.2.0/model/plugin/elasticity) by extension 'colcon_pkg'
[1.122s] Level 1:colcon.colcon_core.package_identification:_identify(mujoco-3.2.0/model/plugin/elasticity) by extensions ['colcon_meta']
[1.122s] Level 1:colcon.colcon_core.package_identification:_identify(mujoco-3.2.0/model/plugin/elasticity) by extension 'colcon_meta'
[1.122s] Level 1:colcon.colcon_core.package_identification:_identify(mujoco-3.2.0/model/plugin/elasticity) by extensions ['ros']
[1.122s] Level 1:colcon.colcon_core.package_identification:_identify(mujoco-3.2.0/model/plugin/elasticity) by extension 'ros'
[1.122s] Level 1:colcon.colcon_core.package_identification:_identify(mujoco-3.2.0/model/plugin/elasticity) by extensions ['cmake', 'python']
[1.122s] Level 1:colcon.colcon_core.package_identification:_identify(mujoco-3.2.0/model/plugin/elasticity) by extension 'cmake'
[1.122s] Level 1:colcon.colcon_core.package_identification:_identify(mujoco-3.2.0/model/plugin/elasticity) by extension 'python'
[1.122s] Level 1:colcon.colcon_core.package_identification:_identify(mujoco-3.2.0/model/plugin/elasticity) by extensions ['python_setup_py']
[1.122s] Level 1:colcon.colcon_core.package_identification:_identify(mujoco-3.2.0/model/plugin/elasticity) by extension 'python_setup_py'
[1.122s] Level 1:colcon.colcon_core.package_identification:_identify(mujoco-3.2.0/model/plugin/sdf) by extensions ['ignore', 'ignore_ament_install']
[1.122s] Level 1:colcon.colcon_core.package_identification:_identify(mujoco-3.2.0/model/plugin/sdf) by extension 'ignore'
[1.123s] Level 1:colcon.colcon_core.package_identification:_identify(mujoco-3.2.0/model/plugin/sdf) by extension 'ignore_ament_install'
[1.123s] Level 1:colcon.colcon_core.package_identification:_identify(mujoco-3.2.0/model/plugin/sdf) by extensions ['colcon_pkg']
[1.123s] Level 1:colcon.colcon_core.package_identification:_identify(mujoco-3.2.0/model/plugin/sdf) by extension 'colcon_pkg'
[1.123s] Level 1:colcon.colcon_core.package_identification:_identify(mujoco-3.2.0/model/plugin/sdf) by extensions ['colcon_meta']
[1.123s] Level 1:colcon.colcon_core.package_identification:_identify(mujoco-3.2.0/model/plugin/sdf) by extension 'colcon_meta'
[1.123s] Level 1:colcon.colcon_core.package_identification:_identify(mujoco-3.2.0/model/plugin/sdf) by extensions ['ros']
[1.123s] Level 1:colcon.colcon_core.package_identification:_identify(mujoco-3.2.0/model/plugin/sdf) by extension 'ros'
[1.123s] Level 1:colcon.colcon_core.package_identification:_identify(mujoco-3.2.0/model/plugin/sdf) by extensions ['cmake', 'python']
[1.123s] Level 1:colcon.colcon_core.package_identification:_identify(mujoco-3.2.0/model/plugin/sdf) by extension 'cmake'
[1.123s] Level 1:colcon.colcon_core.package_identification:_identify(mujoco-3.2.0/model/plugin/sdf) by extension 'python'
[1.123s] Level 1:colcon.colcon_core.package_identification:_identify(mujoco-3.2.0/model/plugin/sdf) by extensions ['python_setup_py']
[1.123s] Level 1:colcon.colcon_core.package_identification:_identify(mujoco-3.2.0/model/plugin/sdf) by extension 'python_setup_py'
[1.123s] Level 1:colcon.colcon_core.package_identification:_identify(mujoco-3.2.0/model/plugin/sdf/asset) by extensions ['ignore', 'ignore_ament_install']
[1.123s] Level 1:colcon.colcon_core.package_identification:_identify(mujoco-3.2.0/model/plugin/sdf/asset) by extension 'ignore'
[1.123s] Level 1:colcon.colcon_core.package_identification:_identify(mujoco-3.2.0/model/plugin/sdf/asset) by extension 'ignore_ament_install'
[1.123s] Level 1:colcon.colcon_core.package_identification:_identify(mujoco-3.2.0/model/plugin/sdf/asset) by extensions ['colcon_pkg']
[1.123s] Level 1:colcon.colcon_core.package_identification:_identify(mujoco-3.2.0/model/plugin/sdf/asset) by extension 'colcon_pkg'
[1.123s] Level 1:colcon.colcon_core.package_identification:_identify(mujoco-3.2.0/model/plugin/sdf/asset) by extensions ['colcon_meta']
[1.123s] Level 1:colcon.colcon_core.package_identification:_identify(mujoco-3.2.0/model/plugin/sdf/asset) by extension 'colcon_meta'
[1.123s] Level 1:colcon.colcon_core.package_identification:_identify(mujoco-3.2.0/model/plugin/sdf/asset) by extensions ['ros']
[1.123s] Level 1:colcon.colcon_core.package_identification:_identify(mujoco-3.2.0/model/plugin/sdf/asset) by extension 'ros'
[1.123s] Level 1:colcon.colcon_core.package_identification:_identify(mujoco-3.2.0/model/plugin/sdf/asset) by extensions ['cmake', 'python']
[1.124s] Level 1:colcon.colcon_core.package_identification:_identify(mujoco-3.2.0/model/plugin/sdf/asset) by extension 'cmake'
[1.124s] Level 1:colcon.colcon_core.package_identification:_identify(mujoco-3.2.0/model/plugin/sdf/asset) by extension 'python'
[1.124s] Level 1:colcon.colcon_core.package_identification:_identify(mujoco-3.2.0/model/plugin/sdf/asset) by extensions ['python_setup_py']
[1.124s] Level 1:colcon.colcon_core.package_identification:_identify(mujoco-3.2.0/model/plugin/sdf/asset) by extension 'python_setup_py'
[1.124s] Level 1:colcon.colcon_core.package_identification:_identify(mujoco-3.2.0/model/plugin/sensor) by extensions ['ignore', 'ignore_ament_install']
[1.124s] Level 1:colcon.colcon_core.package_identification:_identify(mujoco-3.2.0/model/plugin/sensor) by extension 'ignore'
[1.124s] Level 1:colcon.colcon_core.package_identification:_identify(mujoco-3.2.0/model/plugin/sensor) by extension 'ignore_ament_install'
[1.124s] Level 1:colcon.colcon_core.package_identification:_identify(mujoco-3.2.0/model/plugin/sensor) by extensions ['colcon_pkg']
[1.124s] Level 1:colcon.colcon_core.package_identification:_identify(mujoco-3.2.0/model/plugin/sensor) by extension 'colcon_pkg'
[1.124s] Level 1:colcon.colcon_core.package_identification:_identify(mujoco-3.2.0/model/plugin/sensor) by extensions ['colcon_meta']
[1.124s] Level 1:colcon.colcon_core.package_identification:_identify(mujoco-3.2.0/model/plugin/sensor) by extension 'colcon_meta'
[1.124s] Level 1:colcon.colcon_core.package_identification:_identify(mujoco-3.2.0/model/plugin/sensor) by extensions ['ros']
[1.124s] Level 1:colcon.colcon_core.package_identification:_identify(mujoco-3.2.0/model/plugin/sensor) by extension 'ros'
[1.124s] Level 1:colcon.colcon_core.package_identification:_identify(mujoco-3.2.0/model/plugin/sensor) by extensions ['cmake', 'python']
[1.124s] Level 1:colcon.colcon_core.package_identification:_identify(mujoco-3.2.0/model/plugin/sensor) by extension 'cmake'
[1.124s] Level 1:colcon.colcon_core.package_identification:_identify(mujoco-3.2.0/model/plugin/sensor) by extension 'python'
[1.124s] Level 1:colcon.colcon_core.package_identification:_identify(mujoco-3.2.0/model/plugin/sensor) by extensions ['python_setup_py']
[1.124s] Level 1:colcon.colcon_core.package_identification:_identify(mujoco-3.2.0/model/plugin/sensor) by extension 'python_setup_py'
[1.124s] Level 1:colcon.colcon_core.package_identification:_identify(mujoco-3.2.0/model/replicate) by extensions ['ignore', 'ignore_ament_install']
[1.124s] Level 1:colcon.colcon_core.package_identification:_identify(mujoco-3.2.0/model/replicate) by extension 'ignore'
[1.125s] Level 1:colcon.colcon_core.package_identification:_identify(mujoco-3.2.0/model/replicate) by extension 'ignore_ament_install'
[1.125s] Level 1:colcon.colcon_core.package_identification:_identify(mujoco-3.2.0/model/replicate) by extensions ['colcon_pkg']
[1.125s] Level 1:colcon.colcon_core.package_identification:_identify(mujoco-3.2.0/model/replicate) by extension 'colcon_pkg'
[1.125s] Level 1:colcon.colcon_core.package_identification:_identify(mujoco-3.2.0/model/replicate) by extensions ['colcon_meta']
[1.125s] Level 1:colcon.colcon_core.package_identification:_identify(mujoco-3.2.0/model/replicate) by extension 'colcon_meta'
[1.125s] Level 1:colcon.colcon_core.package_identification:_identify(mujoco-3.2.0/model/replicate) by extensions ['ros']
[1.125s] Level 1:colcon.colcon_core.package_identification:_identify(mujoco-3.2.0/model/replicate) by extension 'ros'
[1.125s] Level 1:colcon.colcon_core.package_identification:_identify(mujoco-3.2.0/model/replicate) by extensions ['cmake', 'python']
[1.125s] Level 1:colcon.colcon_core.package_identification:_identify(mujoco-3.2.0/model/replicate) by extension 'cmake'
[1.125s] Level 1:colcon.colcon_core.package_identification:_identify(mujoco-3.2.0/model/replicate) by extension 'python'
[1.125s] Level 1:colcon.colcon_core.package_identification:_identify(mujoco-3.2.0/model/replicate) by extensions ['python_setup_py']
[1.125s] Level 1:colcon.colcon_core.package_identification:_identify(mujoco-3.2.0/model/replicate) by extension 'python_setup_py'
[1.125s] Level 1:colcon.colcon_core.package_identification:_identify(mujoco-3.2.0/model/slider_crank) by extensions ['ignore', 'ignore_ament_install']
[1.125s] Level 1:colcon.colcon_core.package_identification:_identify(mujoco-3.2.0/model/slider_crank) by extension 'ignore'
[1.125s] Level 1:colcon.colcon_core.package_identification:_identify(mujoco-3.2.0/model/slider_crank) by extension 'ignore_ament_install'
[1.125s] Level 1:colcon.colcon_core.package_identification:_identify(mujoco-3.2.0/model/slider_crank) by extensions ['colcon_pkg']
[1.125s] Level 1:colcon.colcon_core.package_identification:_identify(mujoco-3.2.0/model/slider_crank) by extension 'colcon_pkg'
[1.125s] Level 1:colcon.colcon_core.package_identification:_identify(mujoco-3.2.0/model/slider_crank) by extensions ['colcon_meta']
[1.125s] Level 1:colcon.colcon_core.package_identification:_identify(mujoco-3.2.0/model/slider_crank) by extension 'colcon_meta'
[1.125s] Level 1:colcon.colcon_core.package_identification:_identify(mujoco-3.2.0/model/slider_crank) by extensions ['ros']
[1.125s] Level 1:colcon.colcon_core.package_identification:_identify(mujoco-3.2.0/model/slider_crank) by extension 'ros'
[1.125s] Level 1:colcon.colcon_core.package_identification:_identify(mujoco-3.2.0/model/slider_crank) by extensions ['cmake', 'python']
[1.125s] Level 1:colcon.colcon_core.package_identification:_identify(mujoco-3.2.0/model/slider_crank) by extension 'cmake'
[1.125s] Level 1:colcon.colcon_core.package_identification:_identify(mujoco-3.2.0/model/slider_crank) by extension 'python'
[1.125s] Level 1:colcon.colcon_core.package_identification:_identify(mujoco-3.2.0/model/slider_crank) by extensions ['python_setup_py']
[1.126s] Level 1:colcon.colcon_core.package_identification:_identify(mujoco-3.2.0/model/slider_crank) by extension 'python_setup_py'
[1.126s] Level 1:colcon.colcon_core.package_identification:_identify(mujoco-3.2.0/model/tendon_arm) by extensions ['ignore', 'ignore_ament_install']
[1.126s] Level 1:colcon.colcon_core.package_identification:_identify(mujoco-3.2.0/model/tendon_arm) by extension 'ignore'
[1.126s] Level 1:colcon.colcon_core.package_identification:_identify(mujoco-3.2.0/model/tendon_arm) by extension 'ignore_ament_install'
[1.126s] Level 1:colcon.colcon_core.package_identification:_identify(mujoco-3.2.0/model/tendon_arm) by extensions ['colcon_pkg']
[1.126s] Level 1:colcon.colcon_core.package_identification:_identify(mujoco-3.2.0/model/tendon_arm) by extension 'colcon_pkg'
[1.126s] Level 1:colcon.colcon_core.package_identification:_identify(mujoco-3.2.0/model/tendon_arm) by extensions ['colcon_meta']
[1.126s] Level 1:colcon.colcon_core.package_identification:_identify(mujoco-3.2.0/model/tendon_arm) by extension 'colcon_meta'
[1.126s] Level 1:colcon.colcon_core.package_identification:_identify(mujoco-3.2.0/model/tendon_arm) by extensions ['ros']
[1.126s] Level 1:colcon.colcon_core.package_identification:_identify(mujoco-3.2.0/model/tendon_arm) by extension 'ros'
[1.126s] Level 1:colcon.colcon_core.package_identification:_identify(mujoco-3.2.0/model/tendon_arm) by extensions ['cmake', 'python']
[1.126s] Level 1:colcon.colcon_core.package_identification:_identify(mujoco-3.2.0/model/tendon_arm) by extension 'cmake'
[1.126s] Level 1:colcon.colcon_core.package_identification:_identify(mujoco-3.2.0/model/tendon_arm) by extension 'python'
[1.126s] Level 1:colcon.colcon_core.package_identification:_identify(mujoco-3.2.0/model/tendon_arm) by extensions ['python_setup_py']
[1.126s] Level 1:colcon.colcon_core.package_identification:_identify(mujoco-3.2.0/model/tendon_arm) by extension 'python_setup_py'
[1.126s] Level 1:colcon.colcon_core.package_identification:_identify(mujoco-3.2.0/sample) by extensions ['ignore', 'ignore_ament_install']
[1.126s] Level 1:colcon.colcon_core.package_identification:_identify(mujoco-3.2.0/sample) by extension 'ignore'
[1.126s] Level 1:colcon.colcon_core.package_identification:_identify(mujoco-3.2.0/sample) by extension 'ignore_ament_install'
[1.126s] Level 1:colcon.colcon_core.package_identification:_identify(mujoco-3.2.0/sample) by extensions ['colcon_pkg']
[1.126s] Level 1:colcon.colcon_core.package_identification:_identify(mujoco-3.2.0/sample) by extension 'colcon_pkg'
[1.126s] Level 1:colcon.colcon_core.package_identification:_identify(mujoco-3.2.0/sample) by extensions ['colcon_meta']
[1.127s] Level 1:colcon.colcon_core.package_identification:_identify(mujoco-3.2.0/sample) by extension 'colcon_meta'
[1.127s] Level 1:colcon.colcon_core.package_identification:_identify(mujoco-3.2.0/sample) by extensions ['ros']
[1.127s] Level 1:colcon.colcon_core.package_identification:_identify(mujoco-3.2.0/sample) by extension 'ros'
[1.127s] Level 1:colcon.colcon_core.package_identification:_identify(mujoco-3.2.0/sample) by extensions ['cmake', 'python']
[1.127s] Level 1:colcon.colcon_core.package_identification:_identify(mujoco-3.2.0/sample) by extension 'cmake'
[1.127s] Level 1:colcon.colcon_core.package_identification:_identify(mujoco-3.2.0/sample) by extension 'python'
[1.127s] Level 1:colcon.colcon_core.package_identification:_identify(mujoco-3.2.0/sample) by extensions ['python_setup_py']
[1.127s] Level 1:colcon.colcon_core.package_identification:_identify(mujoco-3.2.0/sample) by extension 'python_setup_py'
[1.127s] Level 1:colcon.colcon_core.package_identification:_identify(mujoco-3.2.0/sample/cmake) by extensions ['ignore', 'ignore_ament_install']
[1.127s] Level 1:colcon.colcon_core.package_identification:_identify(mujoco-3.2.0/sample/cmake) by extension 'ignore'
[1.127s] Level 1:colcon.colcon_core.package_identification:_identify(mujoco-3.2.0/sample/cmake) by extension 'ignore_ament_install'
[1.127s] Level 1:colcon.colcon_core.package_identification:_identify(mujoco-3.2.0/sample/cmake) by extensions ['colcon_pkg']
[1.127s] Level 1:colcon.colcon_core.package_identification:_identify(mujoco-3.2.0/sample/cmake) by extension 'colcon_pkg'
[1.127s] Level 1:colcon.colcon_core.package_identification:_identify(mujoco-3.2.0/sample/cmake) by extensions ['colcon_meta']
[1.127s] Level 1:colcon.colcon_core.package_identification:_identify(mujoco-3.2.0/sample/cmake) by extension 'colcon_meta'
[1.127s] Level 1:colcon.colcon_core.package_identification:_identify(mujoco-3.2.0/sample/cmake) by extensions ['ros']
[1.127s] Level 1:colcon.colcon_core.package_identification:_identify(mujoco-3.2.0/sample/cmake) by extension 'ros'
[1.127s] Level 1:colcon.colcon_core.package_identification:_identify(mujoco-3.2.0/sample/cmake) by extensions ['cmake', 'python']
[1.127s] Level 1:colcon.colcon_core.package_identification:_identify(mujoco-3.2.0/sample/cmake) by extension 'cmake'
[1.127s] Level 1:colcon.colcon_core.package_identification:_identify(mujoco-3.2.0/sample/cmake) by extension 'python'
[1.127s] Level 1:colcon.colcon_core.package_identification:_identify(mujoco-3.2.0/sample/cmake) by extensions ['python_setup_py']
[1.127s] Level 1:colcon.colcon_core.package_identification:_identify(mujoco-3.2.0/sample/cmake) by extension 'python_setup_py'
[1.128s] Level 1:colcon.colcon_core.package_identification:_identify(mujoco-3.2.0/simulate) by extensions ['ignore', 'ignore_ament_install']
[1.128s] Level 1:colcon.colcon_core.package_identification:_identify(mujoco-3.2.0/simulate) by extension 'ignore'
[1.128s] Level 1:colcon.colcon_core.package_identification:_identify(mujoco-3.2.0/simulate) by extension 'ignore_ament_install'
[1.128s] Level 1:colcon.colcon_core.package_identification:_identify(mujoco-3.2.0/simulate) by extensions ['colcon_pkg']
[1.128s] Level 1:colcon.colcon_core.package_identification:_identify(mujoco-3.2.0/simulate) by extension 'colcon_pkg'
[1.128s] Level 1:colcon.colcon_core.package_identification:_identify(mujoco-3.2.0/simulate) by extensions ['colcon_meta']
[1.128s] Level 1:colcon.colcon_core.package_identification:_identify(mujoco-3.2.0/simulate) by extension 'colcon_meta'
[1.128s] Level 1:colcon.colcon_core.package_identification:_identify(mujoco-3.2.0/simulate) by extensions ['ros']
[1.128s] Level 1:colcon.colcon_core.package_identification:_identify(mujoco-3.2.0/simulate) by extension 'ros'
[1.128s] Level 1:colcon.colcon_core.package_identification:_identify(mujoco-3.2.0/simulate) by extensions ['cmake', 'python']
[1.128s] Level 1:colcon.colcon_core.package_identification:_identify(mujoco-3.2.0/simulate) by extension 'cmake'
[1.128s] Level 1:colcon.colcon_core.package_identification:_identify(mujoco-3.2.0/simulate) by extension 'python'
[1.128s] Level 1:colcon.colcon_core.package_identification:_identify(mujoco-3.2.0/simulate) by extensions ['python_setup_py']
[1.128s] Level 1:colcon.colcon_core.package_identification:_identify(mujoco-3.2.0/simulate) by extension 'python_setup_py'
[1.128s] Level 1:colcon.colcon_core.package_identification:_identify(mujoco-3.2.0/simulate/cmake) by extensions ['ignore', 'ignore_ament_install']
[1.128s] Level 1:colcon.colcon_core.package_identification:_identify(mujoco-3.2.0/simulate/cmake) by extension 'ignore'
[1.128s] Level 1:colcon.colcon_core.package_identification:_identify(mujoco-3.2.0/simulate/cmake) by extension 'ignore_ament_install'
[1.128s] Level 1:colcon.colcon_core.package_identification:_identify(mujoco-3.2.0/simulate/cmake) by extensions ['colcon_pkg']
[1.128s] Level 1:colcon.colcon_core.package_identification:_identify(mujoco-3.2.0/simulate/cmake) by extension 'colcon_pkg'
[1.128s] Level 1:colcon.colcon_core.package_identification:_identify(mujoco-3.2.0/simulate/cmake) by extensions ['colcon_meta']
[1.128s] Level 1:colcon.colcon_core.package_identification:_identify(mujoco-3.2.0/simulate/cmake) by extension 'colcon_meta'
[1.128s] Level 1:colcon.colcon_core.package_identification:_identify(mujoco-3.2.0/simulate/cmake) by extensions ['ros']
[1.128s] Level 1:colcon.colcon_core.package_identification:_identify(mujoco-3.2.0/simulate/cmake) by extension 'ros'
[1.129s] Level 1:colcon.colcon_core.package_identification:_identify(mujoco-3.2.0/simulate/cmake) by extensions ['cmake', 'python']
[1.129s] Level 1:colcon.colcon_core.package_identification:_identify(mujoco-3.2.0/simulate/cmake) by extension 'cmake'
[1.129s] Level 1:colcon.colcon_core.package_identification:_identify(mujoco-3.2.0/simulate/cmake) by extension 'python'
[1.129s] Level 1:colcon.colcon_core.package_identification:_identify(mujoco-3.2.0/simulate/cmake) by extensions ['python_setup_py']
[1.129s] Level 1:colcon.colcon_core.package_identification:_identify(mujoco-3.2.0/simulate/cmake) by extension 'python_setup_py'
[1.129s] Level 1:colcon.colcon_core.package_identification:_identify(mujoco-3.2.0-old) by extensions ['ignore', 'ignore_ament_install']
[1.129s] Level 1:colcon.colcon_core.package_identification:_identify(mujoco-3.2.0-old) by extension 'ignore'
[1.129s] Level 1:colcon.colcon_core.package_identification:_identify(mujoco-3.2.0-old) by extension 'ignore_ament_install'
[1.129s] Level 1:colcon.colcon_core.package_identification:_identify(mujoco-3.2.0-old) by extensions ['colcon_pkg']
[1.129s] Level 1:colcon.colcon_core.package_identification:_identify(mujoco-3.2.0-old) by extension 'colcon_pkg'
[1.129s] Level 1:colcon.colcon_core.package_identification:_identify(mujoco-3.2.0-old) by extensions ['colcon_meta']
[1.129s] Level 1:colcon.colcon_core.package_identification:_identify(mujoco-3.2.0-old) by extension 'colcon_meta'
[1.129s] Level 1:colcon.colcon_core.package_identification:_identify(mujoco-3.2.0-old) by extensions ['ros']
[1.129s] Level 1:colcon.colcon_core.package_identification:_identify(mujoco-3.2.0-old) by extension 'ros'
[1.129s] Level 1:colcon.colcon_core.package_identification:_identify(mujoco-3.2.0-old) by extensions ['cmake', 'python']
[1.129s] Level 1:colcon.colcon_core.package_identification:_identify(mujoco-3.2.0-old) by extension 'cmake'
[1.129s] Level 1:colcon.colcon_core.package_identification:_identify(mujoco-3.2.0-old) by extension 'python'
[1.129s] Level 1:colcon.colcon_core.package_identification:_identify(mujoco-3.2.0-old) by extensions ['python_setup_py']
[1.129s] Level 1:colcon.colcon_core.package_identification:_identify(mujoco-3.2.0-old) by extension 'python_setup_py'
[1.129s] Level 1:colcon.colcon_core.package_identification:_identify(mujoco-3.2.0-old/bin) by extensions ['ignore', 'ignore_ament_install']
[1.129s] Level 1:colcon.colcon_core.package_identification:_identify(mujoco-3.2.0-old/bin) by extension 'ignore'
[1.129s] Level 1:colcon.colcon_core.package_identification:_identify(mujoco-3.2.0-old/bin) by extension 'ignore_ament_install'
[1.130s] Level 1:colcon.colcon_core.package_identification:_identify(mujoco-3.2.0-old/bin) by extensions ['colcon_pkg']
[1.130s] Level 1:colcon.colcon_core.package_identification:_identify(mujoco-3.2.0-old/bin) by extension 'colcon_pkg'
[1.130s] Level 1:colcon.colcon_core.package_identification:_identify(mujoco-3.2.0-old/bin) by extensions ['colcon_meta']
[1.130s] Level 1:colcon.colcon_core.package_identification:_identify(mujoco-3.2.0-old/bin) by extension 'colcon_meta'
[1.130s] Level 1:colcon.colcon_core.package_identification:_identify(mujoco-3.2.0-old/bin) by extensions ['ros']
[1.130s] Level 1:colcon.colcon_core.package_identification:_identify(mujoco-3.2.0-old/bin) by extension 'ros'
[1.130s] Level 1:colcon.colcon_core.package_identification:_identify(mujoco-3.2.0-old/bin) by extensions ['cmake', 'python']
[1.130s] Level 1:colcon.colcon_core.package_identification:_identify(mujoco-3.2.0-old/bin) by extension 'cmake'
[1.130s] Level 1:colcon.colcon_core.package_identification:_identify(mujoco-3.2.0-old/bin) by extension 'python'
[1.130s] Level 1:colcon.colcon_core.package_identification:_identify(mujoco-3.2.0-old/bin) by extensions ['python_setup_py']
[1.130s] Level 1:colcon.colcon_core.package_identification:_identify(mujoco-3.2.0-old/bin) by extension 'python_setup_py'
[1.130s] Level 1:colcon.colcon_core.package_identification:_identify(mujoco-3.2.0-old/bin/mujoco_plugin) by extensions ['ignore', 'ignore_ament_install']
[1.130s] Level 1:colcon.colcon_core.package_identification:_identify(mujoco-3.2.0-old/bin/mujoco_plugin) by extension 'ignore'
[1.130s] Level 1:colcon.colcon_core.package_identification:_identify(mujoco-3.2.0-old/bin/mujoco_plugin) by extension 'ignore_ament_install'
[1.130s] Level 1:colcon.colcon_core.package_identification:_identify(mujoco-3.2.0-old/bin/mujoco_plugin) by extensions ['colcon_pkg']
[1.130s] Level 1:colcon.colcon_core.package_identification:_identify(mujoco-3.2.0-old/bin/mujoco_plugin) by extension 'colcon_pkg'
[1.130s] Level 1:colcon.colcon_core.package_identification:_identify(mujoco-3.2.0-old/bin/mujoco_plugin) by extensions ['colcon_meta']
[1.130s] Level 1:colcon.colcon_core.package_identification:_identify(mujoco-3.2.0-old/bin/mujoco_plugin) by extension 'colcon_meta'
[1.130s] Level 1:colcon.colcon_core.package_identification:_identify(mujoco-3.2.0-old/bin/mujoco_plugin) by extensions ['ros']
[1.130s] Level 1:colcon.colcon_core.package_identification:_identify(mujoco-3.2.0-old/bin/mujoco_plugin) by extension 'ros'
[1.130s] Level 1:colcon.colcon_core.package_identification:_identify(mujoco-3.2.0-old/bin/mujoco_plugin) by extensions ['cmake', 'python']
[1.131s] Level 1:colcon.colcon_core.package_identification:_identify(mujoco-3.2.0-old/bin/mujoco_plugin) by extension 'cmake'
[1.131s] Level 1:colcon.colcon_core.package_identification:_identify(mujoco-3.2.0-old/bin/mujoco_plugin) by extension 'python'
[1.131s] Level 1:colcon.colcon_core.package_identification:_identify(mujoco-3.2.0-old/bin/mujoco_plugin) by extensions ['python_setup_py']
[1.131s] Level 1:colcon.colcon_core.package_identification:_identify(mujoco-3.2.0-old/bin/mujoco_plugin) by extension 'python_setup_py'
[1.131s] Level 1:colcon.colcon_core.package_identification:_identify(mujoco-3.2.0-old/include) by extensions ['ignore', 'ignore_ament_install']
[1.131s] Level 1:colcon.colcon_core.package_identification:_identify(mujoco-3.2.0-old/include) by extension 'ignore'
[1.131s] Level 1:colcon.colcon_core.package_identification:_identify(mujoco-3.2.0-old/include) by extension 'ignore_ament_install'
[1.131s] Level 1:colcon.colcon_core.package_identification:_identify(mujoco-3.2.0-old/include) by extensions ['colcon_pkg']
[1.131s] Level 1:colcon.colcon_core.package_identification:_identify(mujoco-3.2.0-old/include) by extension 'colcon_pkg'
[1.131s] Level 1:colcon.colcon_core.package_identification:_identify(mujoco-3.2.0-old/include) by extensions ['colcon_meta']
[1.131s] Level 1:colcon.colcon_core.package_identification:_identify(mujoco-3.2.0-old/include) by extension 'colcon_meta'
[1.131s] Level 1:colcon.colcon_core.package_identification:_identify(mujoco-3.2.0-old/include) by extensions ['ros']
[1.131s] Level 1:colcon.colcon_core.package_identification:_identify(mujoco-3.2.0-old/include) by extension 'ros'
[1.131s] Level 1:colcon.colcon_core.package_identification:_identify(mujoco-3.2.0-old/include) by extensions ['cmake', 'python']
[1.131s] Level 1:colcon.colcon_core.package_identification:_identify(mujoco-3.2.0-old/include) by extension 'cmake'
[1.131s] Level 1:colcon.colcon_core.package_identification:_identify(mujoco-3.2.0-old/include) by extension 'python'
[1.131s] Level 1:colcon.colcon_core.package_identification:_identify(mujoco-3.2.0-old/include) by extensions ['python_setup_py']
[1.131s] Level 1:colcon.colcon_core.package_identification:_identify(mujoco-3.2.0-old/include) by extension 'python_setup_py'
[1.131s] Level 1:colcon.colcon_core.package_identification:_identify(mujoco-3.2.0-old/include/mujoco) by extensions ['ignore', 'ignore_ament_install']
[1.131s] Level 1:colcon.colcon_core.package_identification:_identify(mujoco-3.2.0-old/include/mujoco) by extension 'ignore'
[1.132s] Level 1:colcon.colcon_core.package_identification:_identify(mujoco-3.2.0-old/include/mujoco) by extension 'ignore_ament_install'
[1.132s] Level 1:colcon.colcon_core.package_identification:_identify(mujoco-3.2.0-old/include/mujoco) by extensions ['colcon_pkg']
[1.132s] Level 1:colcon.colcon_core.package_identification:_identify(mujoco-3.2.0-old/include/mujoco) by extension 'colcon_pkg'
[1.132s] Level 1:colcon.colcon_core.package_identification:_identify(mujoco-3.2.0-old/include/mujoco) by extensions ['colcon_meta']
[1.132s] Level 1:colcon.colcon_core.package_identification:_identify(mujoco-3.2.0-old/include/mujoco) by extension 'colcon_meta'
[1.132s] Level 1:colcon.colcon_core.package_identification:_identify(mujoco-3.2.0-old/include/mujoco) by extensions ['ros']
[1.132s] Level 1:colcon.colcon_core.package_identification:_identify(mujoco-3.2.0-old/include/mujoco) by extension 'ros'
[1.132s] Level 1:colcon.colcon_core.package_identification:_identify(mujoco-3.2.0-old/include/mujoco) by extensions ['cmake', 'python']
[1.132s] Level 1:colcon.colcon_core.package_identification:_identify(mujoco-3.2.0-old/include/mujoco) by extension 'cmake'
[1.132s] Level 1:colcon.colcon_core.package_identification:_identify(mujoco-3.2.0-old/include/mujoco) by extension 'python'
[1.132s] Level 1:colcon.colcon_core.package_identification:_identify(mujoco-3.2.0-old/include/mujoco) by extensions ['python_setup_py']
[1.132s] Level 1:colcon.colcon_core.package_identification:_identify(mujoco-3.2.0-old/include/mujoco) by extension 'python_setup_py'
[1.132s] Level 1:colcon.colcon_core.package_identification:_identify(mujoco-3.2.0-old/lib) by extensions ['ignore', 'ignore_ament_install']
[1.132s] Level 1:colcon.colcon_core.package_identification:_identify(mujoco-3.2.0-old/lib) by extension 'ignore'
[1.132s] Level 1:colcon.colcon_core.package_identification:_identify(mujoco-3.2.0-old/lib) by extension 'ignore_ament_install'
[1.132s] Level 1:colcon.colcon_core.package_identification:_identify(mujoco-3.2.0-old/lib) by extensions ['colcon_pkg']
[1.132s] Level 1:colcon.colcon_core.package_identification:_identify(mujoco-3.2.0-old/lib) by extension 'colcon_pkg'
[1.132s] Level 1:colcon.colcon_core.package_identification:_identify(mujoco-3.2.0-old/lib) by extensions ['colcon_meta']
[1.132s] Level 1:colcon.colcon_core.package_identification:_identify(mujoco-3.2.0-old/lib) by extension 'colcon_meta'
[1.132s] Level 1:colcon.colcon_core.package_identification:_identify(mujoco-3.2.0-old/lib) by extensions ['ros']
[1.132s] Level 1:colcon.colcon_core.package_identification:_identify(mujoco-3.2.0-old/lib) by extension 'ros'
[1.133s] Level 1:colcon.colcon_core.package_identification:_identify(mujoco-3.2.0-old/lib) by extensions ['cmake', 'python']
[1.133s] Level 1:colcon.colcon_core.package_identification:_identify(mujoco-3.2.0-old/lib) by extension 'cmake'
[1.133s] Level 1:colcon.colcon_core.package_identification:_identify(mujoco-3.2.0-old/lib) by extension 'python'
[1.133s] Level 1:colcon.colcon_core.package_identification:_identify(mujoco-3.2.0-old/lib) by extensions ['python_setup_py']
[1.133s] Level 1:colcon.colcon_core.package_identification:_identify(mujoco-3.2.0-old/lib) by extension 'python_setup_py'
[1.133s] Level 1:colcon.colcon_core.package_identification:_identify(mujoco-3.2.0-old/model) by extensions ['ignore', 'ignore_ament_install']
[1.133s] Level 1:colcon.colcon_core.package_identification:_identify(mujoco-3.2.0-old/model) by extension 'ignore'
[1.133s] Level 1:colcon.colcon_core.package_identification:_identify(mujoco-3.2.0-old/model) by extension 'ignore_ament_install'
[1.133s] Level 1:colcon.colcon_core.package_identification:_identify(mujoco-3.2.0-old/model) by extensions ['colcon_pkg']
[1.133s] Level 1:colcon.colcon_core.package_identification:_identify(mujoco-3.2.0-old/model) by extension 'colcon_pkg'
[1.133s] Level 1:colcon.colcon_core.package_identification:_identify(mujoco-3.2.0-old/model) by extensions ['colcon_meta']
[1.133s] Level 1:colcon.colcon_core.package_identification:_identify(mujoco-3.2.0-old/model) by extension 'colcon_meta'
[1.133s] Level 1:colcon.colcon_core.package_identification:_identify(mujoco-3.2.0-old/model) by extensions ['ros']
[1.133s] Level 1:colcon.colcon_core.package_identification:_identify(mujoco-3.2.0-old/model) by extension 'ros'
[1.133s] Level 1:colcon.colcon_core.package_identification:_identify(mujoco-3.2.0-old/model) by extensions ['cmake', 'python']
[1.133s] Level 1:colcon.colcon_core.package_identification:_identify(mujoco-3.2.0-old/model) by extension 'cmake'
[1.133s] Level 1:colcon.colcon_core.package_identification:_identify(mujoco-3.2.0-old/model) by extension 'python'
[1.133s] Level 1:colcon.colcon_core.package_identification:_identify(mujoco-3.2.0-old/model) by extensions ['python_setup_py']
[1.133s] Level 1:colcon.colcon_core.package_identification:_identify(mujoco-3.2.0-old/model) by extension 'python_setup_py'
[1.134s] Level 1:colcon.colcon_core.package_identification:_identify(mujoco-3.2.0-old/model/adhesion) by extensions ['ignore', 'ignore_ament_install']
[1.134s] Level 1:colcon.colcon_core.package_identification:_identify(mujoco-3.2.0-old/model/adhesion) by extension 'ignore'
[1.134s] Level 1:colcon.colcon_core.package_identification:_identify(mujoco-3.2.0-old/model/adhesion) by extension 'ignore_ament_install'
[1.134s] Level 1:colcon.colcon_core.package_identification:_identify(mujoco-3.2.0-old/model/adhesion) by extensions ['colcon_pkg']
[1.134s] Level 1:colcon.colcon_core.package_identification:_identify(mujoco-3.2.0-old/model/adhesion) by extension 'colcon_pkg'
[1.134s] Level 1:colcon.colcon_core.package_identification:_identify(mujoco-3.2.0-old/model/adhesion) by extensions ['colcon_meta']
[1.134s] Level 1:colcon.colcon_core.package_identification:_identify(mujoco-3.2.0-old/model/adhesion) by extension 'colcon_meta'
[1.134s] Level 1:colcon.colcon_core.package_identification:_identify(mujoco-3.2.0-old/model/adhesion) by extensions ['ros']
[1.134s] Level 1:colcon.colcon_core.package_identification:_identify(mujoco-3.2.0-old/model/adhesion) by extension 'ros'
[1.134s] Level 1:colcon.colcon_core.package_identification:_identify(mujoco-3.2.0-old/model/adhesion) by extensions ['cmake', 'python']
[1.134s] Level 1:colcon.colcon_core.package_identification:_identify(mujoco-3.2.0-old/model/adhesion) by extension 'cmake'
[1.134s] Level 1:colcon.colcon_core.package_identification:_identify(mujoco-3.2.0-old/model/adhesion) by extension 'python'
[1.134s] Level 1:colcon.colcon_core.package_identification:_identify(mujoco-3.2.0-old/model/adhesion) by extensions ['python_setup_py']
[1.134s] Level 1:colcon.colcon_core.package_identification:_identify(mujoco-3.2.0-old/model/adhesion) by extension 'python_setup_py'
[1.134s] Level 1:colcon.colcon_core.package_identification:_identify(mujoco-3.2.0-old/model/balloons) by extensions ['ignore', 'ignore_ament_install']
[1.134s] Level 1:colcon.colcon_core.package_identification:_identify(mujoco-3.2.0-old/model/balloons) by extension 'ignore'
[1.134s] Level 1:colcon.colcon_core.package_identification:_identify(mujoco-3.2.0-old/model/balloons) by extension 'ignore_ament_install'
[1.135s] Level 1:colcon.colcon_core.package_identification:_identify(mujoco-3.2.0-old/model/balloons) by extensions ['colcon_pkg']
[1.135s] Level 1:colcon.colcon_core.package_identification:_identify(mujoco-3.2.0-old/model/balloons) by extension 'colcon_pkg'
[1.135s] Level 1:colcon.colcon_core.package_identification:_identify(mujoco-3.2.0-old/model/balloons) by extensions ['colcon_meta']
[1.135s] Level 1:colcon.colcon_core.package_identification:_identify(mujoco-3.2.0-old/model/balloons) by extension 'colcon_meta'
[1.135s] Level 1:colcon.colcon_core.package_identification:_identify(mujoco-3.2.0-old/model/balloons) by extensions ['ros']
[1.135s] Level 1:colcon.colcon_core.package_identification:_identify(mujoco-3.2.0-old/model/balloons) by extension 'ros'
[1.135s] Level 1:colcon.colcon_core.package_identification:_identify(mujoco-3.2.0-old/model/balloons) by extensions ['cmake', 'python']
[1.135s] Level 1:colcon.colcon_core.package_identification:_identify(mujoco-3.2.0-old/model/balloons) by extension 'cmake'
[1.135s] Level 1:colcon.colcon_core.package_identification:_identify(mujoco-3.2.0-old/model/balloons) by extension 'python'
[1.135s] Level 1:colcon.colcon_core.package_identification:_identify(mujoco-3.2.0-old/model/balloons) by extensions ['python_setup_py']
[1.135s] Level 1:colcon.colcon_core.package_identification:_identify(mujoco-3.2.0-old/model/balloons) by extension 'python_setup_py'
[1.135s] Level 1:colcon.colcon_core.package_identification:_identify(mujoco-3.2.0-old/model/car) by extensions ['ignore', 'ignore_ament_install']
[1.135s] Level 1:colcon.colcon_core.package_identification:_identify(mujoco-3.2.0-old/model/car) by extension 'ignore'
[1.135s] Level 1:colcon.colcon_core.package_identification:_identify(mujoco-3.2.0-old/model/car) by extension 'ignore_ament_install'
[1.135s] Level 1:colcon.colcon_core.package_identification:_identify(mujoco-3.2.0-old/model/car) by extensions ['colcon_pkg']
[1.135s] Level 1:colcon.colcon_core.package_identification:_identify(mujoco-3.2.0-old/model/car) by extension 'colcon_pkg'
[1.135s] Level 1:colcon.colcon_core.package_identification:_identify(mujoco-3.2.0-old/model/car) by extensions ['colcon_meta']
[1.135s] Level 1:colcon.colcon_core.package_identification:_identify(mujoco-3.2.0-old/model/car) by extension 'colcon_meta'
[1.136s] Level 1:colcon.colcon_core.package_identification:_identify(mujoco-3.2.0-old/model/car) by extensions ['ros']
[1.136s] Level 1:colcon.colcon_core.package_identification:_identify(mujoco-3.2.0-old/model/car) by extension 'ros'
[1.136s] Level 1:colcon.colcon_core.package_identification:_identify(mujoco-3.2.0-old/model/car) by extensions ['cmake', 'python']
[1.136s] Level 1:colcon.colcon_core.package_identification:_identify(mujoco-3.2.0-old/model/car) by extension 'cmake'
[1.136s] Level 1:colcon.colcon_core.package_identification:_identify(mujoco-3.2.0-old/model/car) by extension 'python'
[1.136s] Level 1:colcon.colcon_core.package_identification:_identify(mujoco-3.2.0-old/model/car) by extensions ['python_setup_py']
[1.136s] Level 1:colcon.colcon_core.package_identification:_identify(mujoco-3.2.0-old/model/car) by extension 'python_setup_py'
[1.136s] Level 1:colcon.colcon_core.package_identification:_identify(mujoco-3.2.0-old/model/cards) by extensions ['ignore', 'ignore_ament_install']
[1.136s] Level 1:colcon.colcon_core.package_identification:_identify(mujoco-3.2.0-old/model/cards) by extension 'ignore'
[1.136s] Level 1:colcon.colcon_core.package_identification:_identify(mujoco-3.2.0-old/model/cards) by extension 'ignore_ament_install'
[1.136s] Level 1:colcon.colcon_core.package_identification:_identify(mujoco-3.2.0-old/model/cards) by extensions ['colcon_pkg']
[1.136s] Level 1:colcon.colcon_core.package_identification:_identify(mujoco-3.2.0-old/model/cards) by extension 'colcon_pkg'
[1.136s] Level 1:colcon.colcon_core.package_identification:_identify(mujoco-3.2.0-old/model/cards) by extensions ['colcon_meta']
[1.136s] Level 1:colcon.colcon_core.package_identification:_identify(mujoco-3.2.0-old/model/cards) by extension 'colcon_meta'
[1.136s] Level 1:colcon.colcon_core.package_identification:_identify(mujoco-3.2.0-old/model/cards) by extensions ['ros']
[1.136s] Level 1:colcon.colcon_core.package_identification:_identify(mujoco-3.2.0-old/model/cards) by extension 'ros'
[1.136s] Level 1:colcon.colcon_core.package_identification:_identify(mujoco-3.2.0-old/model/cards) by extensions ['cmake', 'python']
[1.136s] Level 1:colcon.colcon_core.package_identification:_identify(mujoco-3.2.0-old/model/cards) by extension 'cmake'
[1.137s] Level 1:colcon.colcon_core.package_identification:_identify(mujoco-3.2.0-old/model/cards) by extension 'python'
[1.137s] Level 1:colcon.colcon_core.package_identification:_identify(mujoco-3.2.0-old/model/cards) by extensions ['python_setup_py']
[1.137s] Level 1:colcon.colcon_core.package_identification:_identify(mujoco-3.2.0-old/model/cards) by extension 'python_setup_py'
[1.137s] Level 1:colcon.colcon_core.package_identification:_identify(mujoco-3.2.0-old/model/cards/assets) by extensions ['ignore', 'ignore_ament_install']
[1.137s] Level 1:colcon.colcon_core.package_identification:_identify(mujoco-3.2.0-old/model/cards/assets) by extension 'ignore'
[1.137s] Level 1:colcon.colcon_core.package_identification:_identify(mujoco-3.2.0-old/model/cards/assets) by extension 'ignore_ament_install'
[1.137s] Level 1:colcon.colcon_core.package_identification:_identify(mujoco-3.2.0-old/model/cards/assets) by extensions ['colcon_pkg']
[1.137s] Level 1:colcon.colcon_core.package_identification:_identify(mujoco-3.2.0-old/model/cards/assets) by extension 'colcon_pkg'
[1.137s] Level 1:colcon.colcon_core.package_identification:_identify(mujoco-3.2.0-old/model/cards/assets) by extensions ['colcon_meta']
[1.137s] Level 1:colcon.colcon_core.package_identification:_identify(mujoco-3.2.0-old/model/cards/assets) by extension 'colcon_meta'
[1.137s] Level 1:colcon.colcon_core.package_identification:_identify(mujoco-3.2.0-old/model/cards/assets) by extensions ['ros']
[1.137s] Level 1:colcon.colcon_core.package_identification:_identify(mujoco-3.2.0-old/model/cards/assets) by extension 'ros'
[1.137s] Level 1:colcon.colcon_core.package_identification:_identify(mujoco-3.2.0-old/model/cards/assets) by extensions ['cmake', 'python']
[1.137s] Level 1:colcon.colcon_core.package_identification:_identify(mujoco-3.2.0-old/model/cards/assets) by extension 'cmake'
[1.137s] Level 1:colcon.colcon_core.package_identification:_identify(mujoco-3.2.0-old/model/cards/assets) by extension 'python'
[1.137s] Level 1:colcon.colcon_core.package_identification:_identify(mujoco-3.2.0-old/model/cards/assets) by extensions ['python_setup_py']
[1.137s] Level 1:colcon.colcon_core.package_identification:_identify(mujoco-3.2.0-old/model/cards/assets) by extension 'python_setup_py'
[1.138s] Level 1:colcon.colcon_core.package_identification:_identify(mujoco-3.2.0-old/model/composite) by extensions ['ignore', 'ignore_ament_install']
[1.138s] Level 1:colcon.colcon_core.package_identification:_identify(mujoco-3.2.0-old/model/composite) by extension 'ignore'
[1.138s] Level 1:colcon.colcon_core.package_identification:_identify(mujoco-3.2.0-old/model/composite) by extension 'ignore_ament_install'
[1.138s] Level 1:colcon.colcon_core.package_identification:_identify(mujoco-3.2.0-old/model/composite) by extensions ['colcon_pkg']
[1.138s] Level 1:colcon.colcon_core.package_identification:_identify(mujoco-3.2.0-old/model/composite) by extension 'colcon_pkg'
[1.138s] Level 1:colcon.colcon_core.package_identification:_identify(mujoco-3.2.0-old/model/composite) by extensions ['colcon_meta']
[1.138s] Level 1:colcon.colcon_core.package_identification:_identify(mujoco-3.2.0-old/model/composite) by extension 'colcon_meta'
[1.138s] Level 1:colcon.colcon_core.package_identification:_identify(mujoco-3.2.0-old/model/composite) by extensions ['ros']
[1.138s] Level 1:colcon.colcon_core.package_identification:_identify(mujoco-3.2.0-old/model/composite) by extension 'ros'
[1.138s] Level 1:colcon.colcon_core.package_identification:_identify(mujoco-3.2.0-old/model/composite) by extensions ['cmake', 'python']
[1.138s] Level 1:colcon.colcon_core.package_identification:_identify(mujoco-3.2.0-old/model/composite) by extension 'cmake'
[1.138s] Level 1:colcon.colcon_core.package_identification:_identify(mujoco-3.2.0-old/model/composite) by extension 'python'
[1.138s] Level 1:colcon.colcon_core.package_identification:_identify(mujoco-3.2.0-old/model/composite) by extensions ['python_setup_py']
[1.138s] Level 1:colcon.colcon_core.package_identification:_identify(mujoco-3.2.0-old/model/composite) by extension 'python_setup_py'
[1.138s] Level 1:colcon.colcon_core.package_identification:_identify(mujoco-3.2.0-old/model/composite/asset) by extensions ['ignore', 'ignore_ament_install']
[1.138s] Level 1:colcon.colcon_core.package_identification:_identify(mujoco-3.2.0-old/model/composite/asset) by extension 'ignore'
[1.138s] Level 1:colcon.colcon_core.package_identification:_identify(mujoco-3.2.0-old/model/composite/asset) by extension 'ignore_ament_install'
[1.139s] Level 1:colcon.colcon_core.package_identification:_identify(mujoco-3.2.0-old/model/composite/asset) by extensions ['colcon_pkg']
[1.139s] Level 1:colcon.colcon_core.package_identification:_identify(mujoco-3.2.0-old/model/composite/asset) by extension 'colcon_pkg'
[1.139s] Level 1:colcon.colcon_core.package_identification:_identify(mujoco-3.2.0-old/model/composite/asset) by extensions ['colcon_meta']
[1.139s] Level 1:colcon.colcon_core.package_identification:_identify(mujoco-3.2.0-old/model/composite/asset) by extension 'colcon_meta'
[1.139s] Level 1:colcon.colcon_core.package_identification:_identify(mujoco-3.2.0-old/model/composite/asset) by extensions ['ros']
[1.139s] Level 1:colcon.colcon_core.package_identification:_identify(mujoco-3.2.0-old/model/composite/asset) by extension 'ros'
[1.139s] Level 1:colcon.colcon_core.package_identification:_identify(mujoco-3.2.0-old/model/composite/asset) by extensions ['cmake', 'python']
[1.139s] Level 1:colcon.colcon_core.package_identification:_identify(mujoco-3.2.0-old/model/composite/asset) by extension 'cmake'
[1.139s] Level 1:colcon.colcon_core.package_identification:_identify(mujoco-3.2.0-old/model/composite/asset) by extension 'python'
[1.139s] Level 1:colcon.colcon_core.package_identification:_identify(mujoco-3.2.0-old/model/composite/asset) by extensions ['python_setup_py']
[1.139s] Level 1:colcon.colcon_core.package_identification:_identify(mujoco-3.2.0-old/model/composite/asset) by extension 'python_setup_py'
[1.139s] Level 1:colcon.colcon_core.package_identification:_identify(mujoco-3.2.0-old/model/cube) by extensions ['ignore', 'ignore_ament_install']
[1.139s] Level 1:colcon.colcon_core.package_identification:_identify(mujoco-3.2.0-old/model/cube) by extension 'ignore'
[1.139s] Level 1:colcon.colcon_core.package_identification:_identify(mujoco-3.2.0-old/model/cube) by extension 'ignore_ament_install'
[1.139s] Level 1:colcon.colcon_core.package_identification:_identify(mujoco-3.2.0-old/model/cube) by extensions ['colcon_pkg']
[1.139s] Level 1:colcon.colcon_core.package_identification:_identify(mujoco-3.2.0-old/model/cube) by extension 'colcon_pkg'
[1.139s] Level 1:colcon.colcon_core.package_identification:_identify(mujoco-3.2.0-old/model/cube) by extensions ['colcon_meta']
[1.139s] Level 1:colcon.colcon_core.package_identification:_identify(mujoco-3.2.0-old/model/cube) by extension 'colcon_meta'
[1.139s] Level 1:colcon.colcon_core.package_identification:_identify(mujoco-3.2.0-old/model/cube) by extensions ['ros']
[1.139s] Level 1:colcon.colcon_core.package_identification:_identify(mujoco-3.2.0-old/model/cube) by extension 'ros'
[1.140s] Level 1:colcon.colcon_core.package_identification:_identify(mujoco-3.2.0-old/model/cube) by extensions ['cmake', 'python']
[1.140s] Level 1:colcon.colcon_core.package_identification:_identify(mujoco-3.2.0-old/model/cube) by extension 'cmake'
[1.140s] Level 1:colcon.colcon_core.package_identification:_identify(mujoco-3.2.0-old/model/cube) by extension 'python'
[1.140s] Level 1:colcon.colcon_core.package_identification:_identify(mujoco-3.2.0-old/model/cube) by extensions ['python_setup_py']
[1.140s] Level 1:colcon.colcon_core.package_identification:_identify(mujoco-3.2.0-old/model/cube) by extension 'python_setup_py'
[1.140s] Level 1:colcon.colcon_core.package_identification:_identify(mujoco-3.2.0-old/model/cube/assets) by extensions ['ignore', 'ignore_ament_install']
[1.140s] Level 1:colcon.colcon_core.package_identification:_identify(mujoco-3.2.0-old/model/cube/assets) by extension 'ignore'
[1.140s] Level 1:colcon.colcon_core.package_identification:_identify(mujoco-3.2.0-old/model/cube/assets) by extension 'ignore_ament_install'
[1.140s] Level 1:colcon.colcon_core.package_identification:_identify(mujoco-3.2.0-old/model/cube/assets) by extensions ['colcon_pkg']
[1.140s] Level 1:colcon.colcon_core.package_identification:_identify(mujoco-3.2.0-old/model/cube/assets) by extension 'colcon_pkg'
[1.140s] Level 1:colcon.colcon_core.package_identification:_identify(mujoco-3.2.0-old/model/cube/assets) by extensions ['colcon_meta']
[1.140s] Level 1:colcon.colcon_core.package_identification:_identify(mujoco-3.2.0-old/model/cube/assets) by extension 'colcon_meta'
[1.140s] Level 1:colcon.colcon_core.package_identification:_identify(mujoco-3.2.0-old/model/cube/assets) by extensions ['ros']
[1.140s] Level 1:colcon.colcon_core.package_identification:_identify(mujoco-3.2.0-old/model/cube/assets) by extension 'ros'
[1.140s] Level 1:colcon.colcon_core.package_identification:_identify(mujoco-3.2.0-old/model/cube/assets) by extensions ['cmake', 'python']
[1.140s] Level 1:colcon.colcon_core.package_identification:_identify(mujoco-3.2.0-old/model/cube/assets) by extension 'cmake'
[1.140s] Level 1:colcon.colcon_core.package_identification:_identify(mujoco-3.2.0-old/model/cube/assets) by extension 'python'
[1.141s] Level 1:colcon.colcon_core.package_identification:_identify(mujoco-3.2.0-old/model/cube/assets) by extensions ['python_setup_py']
[1.141s] Level 1:colcon.colcon_core.package_identification:_identify(mujoco-3.2.0-old/model/cube/assets) by extension 'python_setup_py'
[1.141s] Level 1:colcon.colcon_core.package_identification:_identify(mujoco-3.2.0-old/model/hammock) by extensions ['ignore', 'ignore_ament_install']
[1.141s] Level 1:colcon.colcon_core.package_identification:_identify(mujoco-3.2.0-old/model/hammock) by extension 'ignore'
[1.141s] Level 1:colcon.colcon_core.package_identification:_identify(mujoco-3.2.0-old/model/hammock) by extension 'ignore_ament_install'
[1.141s] Level 1:colcon.colcon_core.package_identification:_identify(mujoco-3.2.0-old/model/hammock) by extensions ['colcon_pkg']
[1.141s] Level 1:colcon.colcon_core.package_identification:_identify(mujoco-3.2.0-old/model/hammock) by extension 'colcon_pkg'
[1.141s] Level 1:colcon.colcon_core.package_identification:_identify(mujoco-3.2.0-old/model/hammock) by extensions ['colcon_meta']
[1.141s] Level 1:colcon.colcon_core.package_identification:_identify(mujoco-3.2.0-old/model/hammock) by extension 'colcon_meta'
[1.141s] Level 1:colcon.colcon_core.package_identification:_identify(mujoco-3.2.0-old/model/hammock) by extensions ['ros']
[1.141s] Level 1:colcon.colcon_core.package_identification:_identify(mujoco-3.2.0-old/model/hammock) by extension 'ros'
[1.141s] Level 1:colcon.colcon_core.package_identification:_identify(mujoco-3.2.0-old/model/hammock) by extensions ['cmake', 'python']
[1.141s] Level 1:colcon.colcon_core.package_identification:_identify(mujoco-3.2.0-old/model/hammock) by extension 'cmake'
[1.141s] Level 1:colcon.colcon_core.package_identification:_identify(mujoco-3.2.0-old/model/hammock) by extension 'python'
[1.141s] Level 1:colcon.colcon_core.package_identification:_identify(mujoco-3.2.0-old/model/hammock) by extensions ['python_setup_py']
[1.141s] Level 1:colcon.colcon_core.package_identification:_identify(mujoco-3.2.0-old/model/hammock) by extension 'python_setup_py'
[1.141s] Level 1:colcon.colcon_core.package_identification:_identify(mujoco-3.2.0-old/model/humanoid) by extensions ['ignore', 'ignore_ament_install']
[1.142s] Level 1:colcon.colcon_core.package_identification:_identify(mujoco-3.2.0-old/model/humanoid) by extension 'ignore'
[1.142s] Level 1:colcon.colcon_core.package_identification:_identify(mujoco-3.2.0-old/model/humanoid) by extension 'ignore_ament_install'
[1.142s] Level 1:colcon.colcon_core.package_identification:_identify(mujoco-3.2.0-old/model/humanoid) by extensions ['colcon_pkg']
[1.142s] Level 1:colcon.colcon_core.package_identification:_identify(mujoco-3.2.0-old/model/humanoid) by extension 'colcon_pkg'
[1.142s] Level 1:colcon.colcon_core.package_identification:_identify(mujoco-3.2.0-old/model/humanoid) by extensions ['colcon_meta']
[1.142s] Level 1:colcon.colcon_core.package_identification:_identify(mujoco-3.2.0-old/model/humanoid) by extension 'colcon_meta'
[1.142s] Level 1:colcon.colcon_core.package_identification:_identify(mujoco-3.2.0-old/model/humanoid) by extensions ['ros']
[1.142s] Level 1:colcon.colcon_core.package_identification:_identify(mujoco-3.2.0-old/model/humanoid) by extension 'ros'
[1.142s] Level 1:colcon.colcon_core.package_identification:_identify(mujoco-3.2.0-old/model/humanoid) by extensions ['cmake', 'python']
[1.142s] Level 1:colcon.colcon_core.package_identification:_identify(mujoco-3.2.0-old/model/humanoid) by extension 'cmake'
[1.142s] Level 1:colcon.colcon_core.package_identification:_identify(mujoco-3.2.0-old/model/humanoid) by extension 'python'
[1.142s] Level 1:colcon.colcon_core.package_identification:_identify(mujoco-3.2.0-old/model/humanoid) by extensions ['python_setup_py']
[1.142s] Level 1:colcon.colcon_core.package_identification:_identify(mujoco-3.2.0-old/model/humanoid) by extension 'python_setup_py'
[1.142s] Level 1:colcon.colcon_core.package_identification:_identify(mujoco-3.2.0-old/model/humanoid100) by extensions ['ignore', 'ignore_ament_install']
[1.142s] Level 1:colcon.colcon_core.package_identification:_identify(mujoco-3.2.0-old/model/humanoid100) by extension 'ignore'
[1.142s] Level 1:colcon.colcon_core.package_identification:_identify(mujoco-3.2.0-old/model/humanoid100) by extension 'ignore_ament_install'
[1.142s] Level 1:colcon.colcon_core.package_identification:_identify(mujoco-3.2.0-old/model/humanoid100) by extensions ['colcon_pkg']
[1.142s] Level 1:colcon.colcon_core.package_identification:_identify(mujoco-3.2.0-old/model/humanoid100) by extension 'colcon_pkg'
[1.143s] Level 1:colcon.colcon_core.package_identification:_identify(mujoco-3.2.0-old/model/humanoid100) by extensions ['colcon_meta']
[1.143s] Level 1:colcon.colcon_core.package_identification:_identify(mujoco-3.2.0-old/model/humanoid100) by extension 'colcon_meta'
[1.143s] Level 1:colcon.colcon_core.package_identification:_identify(mujoco-3.2.0-old/model/humanoid100) by extensions ['ros']
[1.143s] Level 1:colcon.colcon_core.package_identification:_identify(mujoco-3.2.0-old/model/humanoid100) by extension 'ros'
[1.143s] Level 1:colcon.colcon_core.package_identification:_identify(mujoco-3.2.0-old/model/humanoid100) by extensions ['cmake', 'python']
[1.143s] Level 1:colcon.colcon_core.package_identification:_identify(mujoco-3.2.0-old/model/humanoid100) by extension 'cmake'
[1.143s] Level 1:colcon.colcon_core.package_identification:_identify(mujoco-3.2.0-old/model/humanoid100) by extension 'python'
[1.143s] Level 1:colcon.colcon_core.package_identification:_identify(mujoco-3.2.0-old/model/humanoid100) by extensions ['python_setup_py']
[1.143s] Level 1:colcon.colcon_core.package_identification:_identify(mujoco-3.2.0-old/model/humanoid100) by extension 'python_setup_py'
[1.143s] Level 1:colcon.colcon_core.package_identification:_identify(mujoco-3.2.0-old/model/mug) by extensions ['ignore', 'ignore_ament_install']
[1.143s] Level 1:colcon.colcon_core.package_identification:_identify(mujoco-3.2.0-old/model/mug) by extension 'ignore'
[1.143s] Level 1:colcon.colcon_core.package_identification:_identify(mujoco-3.2.0-old/model/mug) by extension 'ignore_ament_install'
[1.143s] Level 1:colcon.colcon_core.package_identification:_identify(mujoco-3.2.0-old/model/mug) by extensions ['colcon_pkg']
[1.143s] Level 1:colcon.colcon_core.package_identification:_identify(mujoco-3.2.0-old/model/mug) by extension 'colcon_pkg'
[1.143s] Level 1:colcon.colcon_core.package_identification:_identify(mujoco-3.2.0-old/model/mug) by extensions ['colcon_meta']
[1.143s] Level 1:colcon.colcon_core.package_identification:_identify(mujoco-3.2.0-old/model/mug) by extension 'colcon_meta'
[1.143s] Level 1:colcon.colcon_core.package_identification:_identify(mujoco-3.2.0-old/model/mug) by extensions ['ros']
[1.143s] Level 1:colcon.colcon_core.package_identification:_identify(mujoco-3.2.0-old/model/mug) by extension 'ros'
[1.144s] Level 1:colcon.colcon_core.package_identification:_identify(mujoco-3.2.0-old/model/mug) by extensions ['cmake', 'python']
[1.144s] Level 1:colcon.colcon_core.package_identification:_identify(mujoco-3.2.0-old/model/mug) by extension 'cmake'
[1.144s] Level 1:colcon.colcon_core.package_identification:_identify(mujoco-3.2.0-old/model/mug) by extension 'python'
[1.144s] Level 1:colcon.colcon_core.package_identification:_identify(mujoco-3.2.0-old/model/mug) by extensions ['python_setup_py']
[1.144s] Level 1:colcon.colcon_core.package_identification:_identify(mujoco-3.2.0-old/model/mug) by extension 'python_setup_py'
[1.144s] Level 1:colcon.colcon_core.package_identification:_identify(mujoco-3.2.0-old/model/plugin) by extensions ['ignore', 'ignore_ament_install']
[1.144s] Level 1:colcon.colcon_core.package_identification:_identify(mujoco-3.2.0-old/model/plugin) by extension 'ignore'
[1.144s] Level 1:colcon.colcon_core.package_identification:_identify(mujoco-3.2.0-old/model/plugin) by extension 'ignore_ament_install'
[1.144s] Level 1:colcon.colcon_core.package_identification:_identify(mujoco-3.2.0-old/model/plugin) by extensions ['colcon_pkg']
[1.144s] Level 1:colcon.colcon_core.package_identification:_identify(mujoco-3.2.0-old/model/plugin) by extension 'colcon_pkg'
[1.144s] Level 1:colcon.colcon_core.package_identification:_identify(mujoco-3.2.0-old/model/plugin) by extensions ['colcon_meta']
[1.144s] Level 1:colcon.colcon_core.package_identification:_identify(mujoco-3.2.0-old/model/plugin) by extension 'colcon_meta'
[1.144s] Level 1:colcon.colcon_core.package_identification:_identify(mujoco-3.2.0-old/model/plugin) by extensions ['ros']
[1.144s] Level 1:colcon.colcon_core.package_identification:_identify(mujoco-3.2.0-old/model/plugin) by extension 'ros'
[1.144s] Level 1:colcon.colcon_core.package_identification:_identify(mujoco-3.2.0-old/model/plugin) by extensions ['cmake', 'python']
[1.144s] Level 1:colcon.colcon_core.package_identification:_identify(mujoco-3.2.0-old/model/plugin) by extension 'cmake'
[1.144s] Level 1:colcon.colcon_core.package_identification:_identify(mujoco-3.2.0-old/model/plugin) by extension 'python'
[1.144s] Level 1:colcon.colcon_core.package_identification:_identify(mujoco-3.2.0-old/model/plugin) by extensions ['python_setup_py']
[1.144s] Level 1:colcon.colcon_core.package_identification:_identify(mujoco-3.2.0-old/model/plugin) by extension 'python_setup_py'
[1.145s] Level 1:colcon.colcon_core.package_identification:_identify(mujoco-3.2.0-old/model/plugin/actuator) by extensions ['ignore', 'ignore_ament_install']
[1.145s] Level 1:colcon.colcon_core.package_identification:_identify(mujoco-3.2.0-old/model/plugin/actuator) by extension 'ignore'
[1.145s] Level 1:colcon.colcon_core.package_identification:_identify(mujoco-3.2.0-old/model/plugin/actuator) by extension 'ignore_ament_install'
[1.145s] Level 1:colcon.colcon_core.package_identification:_identify(mujoco-3.2.0-old/model/plugin/actuator) by extensions ['colcon_pkg']
[1.145s] Level 1:colcon.colcon_core.package_identification:_identify(mujoco-3.2.0-old/model/plugin/actuator) by extension 'colcon_pkg'
[1.145s] Level 1:colcon.colcon_core.package_identification:_identify(mujoco-3.2.0-old/model/plugin/actuator) by extensions ['colcon_meta']
[1.145s] Level 1:colcon.colcon_core.package_identification:_identify(mujoco-3.2.0-old/model/plugin/actuator) by extension 'colcon_meta'
[1.145s] Level 1:colcon.colcon_core.package_identification:_identify(mujoco-3.2.0-old/model/plugin/actuator) by extensions ['ros']
[1.145s] Level 1:colcon.colcon_core.package_identification:_identify(mujoco-3.2.0-old/model/plugin/actuator) by extension 'ros'
[1.145s] Level 1:colcon.colcon_core.package_identification:_identify(mujoco-3.2.0-old/model/plugin/actuator) by extensions ['cmake', 'python']
[1.145s] Level 1:colcon.colcon_core.package_identification:_identify(mujoco-3.2.0-old/model/plugin/actuator) by extension 'cmake'
[1.145s] Level 1:colcon.colcon_core.package_identification:_identify(mujoco-3.2.0-old/model/plugin/actuator) by extension 'python'
[1.145s] Level 1:colcon.colcon_core.package_identification:_identify(mujoco-3.2.0-old/model/plugin/actuator) by extensions ['python_setup_py']
[1.145s] Level 1:colcon.colcon_core.package_identification:_identify(mujoco-3.2.0-old/model/plugin/actuator) by extension 'python_setup_py'
[1.145s] Level 1:colcon.colcon_core.package_identification:_identify(mujoco-3.2.0-old/model/plugin/elasticity) by extensions ['ignore', 'ignore_ament_install']
[1.146s] Level 1:colcon.colcon_core.package_identification:_identify(mujoco-3.2.0-old/model/plugin/elasticity) by extension 'ignore'
[1.146s] Level 1:colcon.colcon_core.package_identification:_identify(mujoco-3.2.0-old/model/plugin/elasticity) by extension 'ignore_ament_install'
[1.146s] Level 1:colcon.colcon_core.package_identification:_identify(mujoco-3.2.0-old/model/plugin/elasticity) by extensions ['colcon_pkg']
[1.146s] Level 1:colcon.colcon_core.package_identification:_identify(mujoco-3.2.0-old/model/plugin/elasticity) by extension 'colcon_pkg'
[1.146s] Level 1:colcon.colcon_core.package_identification:_identify(mujoco-3.2.0-old/model/plugin/elasticity) by extensions ['colcon_meta']
[1.146s] Level 1:colcon.colcon_core.package_identification:_identify(mujoco-3.2.0-old/model/plugin/elasticity) by extension 'colcon_meta'
[1.146s] Level 1:colcon.colcon_core.package_identification:_identify(mujoco-3.2.0-old/model/plugin/elasticity) by extensions ['ros']
[1.146s] Level 1:colcon.colcon_core.package_identification:_identify(mujoco-3.2.0-old/model/plugin/elasticity) by extension 'ros'
[1.146s] Level 1:colcon.colcon_core.package_identification:_identify(mujoco-3.2.0-old/model/plugin/elasticity) by extensions ['cmake', 'python']
[1.146s] Level 1:colcon.colcon_core.package_identification:_identify(mujoco-3.2.0-old/model/plugin/elasticity) by extension 'cmake'
[1.146s] Level 1:colcon.colcon_core.package_identification:_identify(mujoco-3.2.0-old/model/plugin/elasticity) by extension 'python'
[1.146s] Level 1:colcon.colcon_core.package_identification:_identify(mujoco-3.2.0-old/model/plugin/elasticity) by extensions ['python_setup_py']
[1.146s] Level 1:colcon.colcon_core.package_identification:_identify(mujoco-3.2.0-old/model/plugin/elasticity) by extension 'python_setup_py'
[1.146s] Level 1:colcon.colcon_core.package_identification:_identify(mujoco-3.2.0-old/model/plugin/sdf) by extensions ['ignore', 'ignore_ament_install']
[1.146s] Level 1:colcon.colcon_core.package_identification:_identify(mujoco-3.2.0-old/model/plugin/sdf) by extension 'ignore'
[1.146s] Level 1:colcon.colcon_core.package_identification:_identify(mujoco-3.2.0-old/model/plugin/sdf) by extension 'ignore_ament_install'
[1.146s] Level 1:colcon.colcon_core.package_identification:_identify(mujoco-3.2.0-old/model/plugin/sdf) by extensions ['colcon_pkg']
[1.147s] Level 1:colcon.colcon_core.package_identification:_identify(mujoco-3.2.0-old/model/plugin/sdf) by extension 'colcon_pkg'
[1.147s] Level 1:colcon.colcon_core.package_identification:_identify(mujoco-3.2.0-old/model/plugin/sdf) by extensions ['colcon_meta']
[1.147s] Level 1:colcon.colcon_core.package_identification:_identify(mujoco-3.2.0-old/model/plugin/sdf) by extension 'colcon_meta'
[1.147s] Level 1:colcon.colcon_core.package_identification:_identify(mujoco-3.2.0-old/model/plugin/sdf) by extensions ['ros']
[1.147s] Level 1:colcon.colcon_core.package_identification:_identify(mujoco-3.2.0-old/model/plugin/sdf) by extension 'ros'
[1.147s] Level 1:colcon.colcon_core.package_identification:_identify(mujoco-3.2.0-old/model/plugin/sdf) by extensions ['cmake', 'python']
[1.147s] Level 1:colcon.colcon_core.package_identification:_identify(mujoco-3.2.0-old/model/plugin/sdf) by extension 'cmake'
[1.147s] Level 1:colcon.colcon_core.package_identification:_identify(mujoco-3.2.0-old/model/plugin/sdf) by extension 'python'
[1.147s] Level 1:colcon.colcon_core.package_identification:_identify(mujoco-3.2.0-old/model/plugin/sdf) by extensions ['python_setup_py']
[1.147s] Level 1:colcon.colcon_core.package_identification:_identify(mujoco-3.2.0-old/model/plugin/sdf) by extension 'python_setup_py'
[1.147s] Level 1:colcon.colcon_core.package_identification:_identify(mujoco-3.2.0-old/model/plugin/sdf/asset) by extensions ['ignore', 'ignore_ament_install']
[1.147s] Level 1:colcon.colcon_core.package_identification:_identify(mujoco-3.2.0-old/model/plugin/sdf/asset) by extension 'ignore'
[1.147s] Level 1:colcon.colcon_core.package_identification:_identify(mujoco-3.2.0-old/model/plugin/sdf/asset) by extension 'ignore_ament_install'
[1.147s] Level 1:colcon.colcon_core.package_identification:_identify(mujoco-3.2.0-old/model/plugin/sdf/asset) by extensions ['colcon_pkg']
[1.147s] Level 1:colcon.colcon_core.package_identification:_identify(mujoco-3.2.0-old/model/plugin/sdf/asset) by extension 'colcon_pkg'
[1.147s] Level 1:colcon.colcon_core.package_identification:_identify(mujoco-3.2.0-old/model/plugin/sdf/asset) by extensions ['colcon_meta']
[1.147s] Level 1:colcon.colcon_core.package_identification:_identify(mujoco-3.2.0-old/model/plugin/sdf/asset) by extension 'colcon_meta'
[1.147s] Level 1:colcon.colcon_core.package_identification:_identify(mujoco-3.2.0-old/model/plugin/sdf/asset) by extensions ['ros']
[1.148s] Level 1:colcon.colcon_core.package_identification:_identify(mujoco-3.2.0-old/model/plugin/sdf/asset) by extension 'ros'
[1.148s] Level 1:colcon.colcon_core.package_identification:_identify(mujoco-3.2.0-old/model/plugin/sdf/asset) by extensions ['cmake', 'python']
[1.148s] Level 1:colcon.colcon_core.package_identification:_identify(mujoco-3.2.0-old/model/plugin/sdf/asset) by extension 'cmake'
[1.148s] Level 1:colcon.colcon_core.package_identification:_identify(mujoco-3.2.0-old/model/plugin/sdf/asset) by extension 'python'
[1.148s] Level 1:colcon.colcon_core.package_identification:_identify(mujoco-3.2.0-old/model/plugin/sdf/asset) by extensions ['python_setup_py']
[1.148s] Level 1:colcon.colcon_core.package_identification:_identify(mujoco-3.2.0-old/model/plugin/sdf/asset) by extension 'python_setup_py'
[1.148s] Level 1:colcon.colcon_core.package_identification:_identify(mujoco-3.2.0-old/model/plugin/sensor) by extensions ['ignore', 'ignore_ament_install']
[1.148s] Level 1:colcon.colcon_core.package_identification:_identify(mujoco-3.2.0-old/model/plugin/sensor) by extension 'ignore'
[1.148s] Level 1:colcon.colcon_core.package_identification:_identify(mujoco-3.2.0-old/model/plugin/sensor) by extension 'ignore_ament_install'
[1.148s] Level 1:colcon.colcon_core.package_identification:_identify(mujoco-3.2.0-old/model/plugin/sensor) by extensions ['colcon_pkg']
[1.148s] Level 1:colcon.colcon_core.package_identification:_identify(mujoco-3.2.0-old/model/plugin/sensor) by extension 'colcon_pkg'
[1.148s] Level 1:colcon.colcon_core.package_identification:_identify(mujoco-3.2.0-old/model/plugin/sensor) by extensions ['colcon_meta']
[1.148s] Level 1:colcon.colcon_core.package_identification:_identify(mujoco-3.2.0-old/model/plugin/sensor) by extension 'colcon_meta'
[1.148s] Level 1:colcon.colcon_core.package_identification:_identify(mujoco-3.2.0-old/model/plugin/sensor) by extensions ['ros']
[1.148s] Level 1:colcon.colcon_core.package_identification:_identify(mujoco-3.2.0-old/model/plugin/sensor) by extension 'ros'
[1.148s] Level 1:colcon.colcon_core.package_identification:_identify(mujoco-3.2.0-old/model/plugin/sensor) by extensions ['cmake', 'python']
[1.148s] Level 1:colcon.colcon_core.package_identification:_identify(mujoco-3.2.0-old/model/plugin/sensor) by extension 'cmake'
[1.148s] Level 1:colcon.colcon_core.package_identification:_identify(mujoco-3.2.0-old/model/plugin/sensor) by extension 'python'
[1.149s] Level 1:colcon.colcon_core.package_identification:_identify(mujoco-3.2.0-old/model/plugin/sensor) by extensions ['python_setup_py']
[1.149s] Level 1:colcon.colcon_core.package_identification:_identify(mujoco-3.2.0-old/model/plugin/sensor) by extension 'python_setup_py'
[1.149s] Level 1:colcon.colcon_core.package_identification:_identify(mujoco-3.2.0-old/model/replicate) by extensions ['ignore', 'ignore_ament_install']
[1.149s] Level 1:colcon.colcon_core.package_identification:_identify(mujoco-3.2.0-old/model/replicate) by extension 'ignore'
[1.149s] Level 1:colcon.colcon_core.package_identification:_identify(mujoco-3.2.0-old/model/replicate) by extension 'ignore_ament_install'
[1.149s] Level 1:colcon.colcon_core.package_identification:_identify(mujoco-3.2.0-old/model/replicate) by extensions ['colcon_pkg']
[1.149s] Level 1:colcon.colcon_core.package_identification:_identify(mujoco-3.2.0-old/model/replicate) by extension 'colcon_pkg'
[1.149s] Level 1:colcon.colcon_core.package_identification:_identify(mujoco-3.2.0-old/model/replicate) by extensions ['colcon_meta']
[1.149s] Level 1:colcon.colcon_core.package_identification:_identify(mujoco-3.2.0-old/model/replicate) by extension 'colcon_meta'
[1.149s] Level 1:colcon.colcon_core.package_identification:_identify(mujoco-3.2.0-old/model/replicate) by extensions ['ros']
[1.149s] Level 1:colcon.colcon_core.package_identification:_identify(mujoco-3.2.0-old/model/replicate) by extension 'ros'
[1.149s] Level 1:colcon.colcon_core.package_identification:_identify(mujoco-3.2.0-old/model/replicate) by extensions ['cmake', 'python']
[1.149s] Level 1:colcon.colcon_core.package_identification:_identify(mujoco-3.2.0-old/model/replicate) by extension 'cmake'
[1.149s] Level 1:colcon.colcon_core.package_identification:_identify(mujoco-3.2.0-old/model/replicate) by extension 'python'
[1.149s] Level 1:colcon.colcon_core.package_identification:_identify(mujoco-3.2.0-old/model/replicate) by extensions ['python_setup_py']
[1.150s] Level 1:colcon.colcon_core.package_identification:_identify(mujoco-3.2.0-old/model/replicate) by extension 'python_setup_py'
[1.150s] Level 1:colcon.colcon_core.package_identification:_identify(mujoco-3.2.0-old/model/slider_crank) by extensions ['ignore', 'ignore_ament_install']
[1.150s] Level 1:colcon.colcon_core.package_identification:_identify(mujoco-3.2.0-old/model/slider_crank) by extension 'ignore'
[1.150s] Level 1:colcon.colcon_core.package_identification:_identify(mujoco-3.2.0-old/model/slider_crank) by extension 'ignore_ament_install'
[1.150s] Level 1:colcon.colcon_core.package_identification:_identify(mujoco-3.2.0-old/model/slider_crank) by extensions ['colcon_pkg']
[1.150s] Level 1:colcon.colcon_core.package_identification:_identify(mujoco-3.2.0-old/model/slider_crank) by extension 'colcon_pkg'
[1.150s] Level 1:colcon.colcon_core.package_identification:_identify(mujoco-3.2.0-old/model/slider_crank) by extensions ['colcon_meta']
[1.150s] Level 1:colcon.colcon_core.package_identification:_identify(mujoco-3.2.0-old/model/slider_crank) by extension 'colcon_meta'
[1.150s] Level 1:colcon.colcon_core.package_identification:_identify(mujoco-3.2.0-old/model/slider_crank) by extensions ['ros']
[1.150s] Level 1:colcon.colcon_core.package_identification:_identify(mujoco-3.2.0-old/model/slider_crank) by extension 'ros'
[1.150s] Level 1:colcon.colcon_core.package_identification:_identify(mujoco-3.2.0-old/model/slider_crank) by extensions ['cmake', 'python']
[1.150s] Level 1:colcon.colcon_core.package_identification:_identify(mujoco-3.2.0-old/model/slider_crank) by extension 'cmake'
[1.150s] Level 1:colcon.colcon_core.package_identification:_identify(mujoco-3.2.0-old/model/slider_crank) by extension 'python'
[1.150s] Level 1:colcon.colcon_core.package_identification:_identify(mujoco-3.2.0-old/model/slider_crank) by extensions ['python_setup_py']
[1.150s] Level 1:colcon.colcon_core.package_identification:_identify(mujoco-3.2.0-old/model/slider_crank) by extension 'python_setup_py'
[1.150s] Level 1:colcon.colcon_core.package_identification:_identify(mujoco-3.2.0-old/model/tendon_arm) by extensions ['ignore', 'ignore_ament_install']
[1.151s] Level 1:colcon.colcon_core.package_identification:_identify(mujoco-3.2.0-old/model/tendon_arm) by extension 'ignore'
[1.151s] Level 1:colcon.colcon_core.package_identification:_identify(mujoco-3.2.0-old/model/tendon_arm) by extension 'ignore_ament_install'
[1.151s] Level 1:colcon.colcon_core.package_identification:_identify(mujoco-3.2.0-old/model/tendon_arm) by extensions ['colcon_pkg']
[1.151s] Level 1:colcon.colcon_core.package_identification:_identify(mujoco-3.2.0-old/model/tendon_arm) by extension 'colcon_pkg'
[1.151s] Level 1:colcon.colcon_core.package_identification:_identify(mujoco-3.2.0-old/model/tendon_arm) by extensions ['colcon_meta']
[1.151s] Level 1:colcon.colcon_core.package_identification:_identify(mujoco-3.2.0-old/model/tendon_arm) by extension 'colcon_meta'
[1.151s] Level 1:colcon.colcon_core.package_identification:_identify(mujoco-3.2.0-old/model/tendon_arm) by extensions ['ros']
[1.151s] Level 1:colcon.colcon_core.package_identification:_identify(mujoco-3.2.0-old/model/tendon_arm) by extension 'ros'
[1.151s] Level 1:colcon.colcon_core.package_identification:_identify(mujoco-3.2.0-old/model/tendon_arm) by extensions ['cmake', 'python']
[1.151s] Level 1:colcon.colcon_core.package_identification:_identify(mujoco-3.2.0-old/model/tendon_arm) by extension 'cmake'
[1.151s] Level 1:colcon.colcon_core.package_identification:_identify(mujoco-3.2.0-old/model/tendon_arm) by extension 'python'
[1.151s] Level 1:colcon.colcon_core.package_identification:_identify(mujoco-3.2.0-old/model/tendon_arm) by extensions ['python_setup_py']
[1.151s] Level 1:colcon.colcon_core.package_identification:_identify(mujoco-3.2.0-old/model/tendon_arm) by extension 'python_setup_py'
[1.151s] Level 1:colcon.colcon_core.package_identification:_identify(mujoco-3.2.0-old/sample) by extensions ['ignore', 'ignore_ament_install']
[1.151s] Level 1:colcon.colcon_core.package_identification:_identify(mujoco-3.2.0-old/sample) by extension 'ignore'
[1.151s] Level 1:colcon.colcon_core.package_identification:_identify(mujoco-3.2.0-old/sample) by extension 'ignore_ament_install'
[1.151s] Level 1:colcon.colcon_core.package_identification:_identify(mujoco-3.2.0-old/sample) by extensions ['colcon_pkg']
[1.151s] Level 1:colcon.colcon_core.package_identification:_identify(mujoco-3.2.0-old/sample) by extension 'colcon_pkg'
[1.152s] Level 1:colcon.colcon_core.package_identification:_identify(mujoco-3.2.0-old/sample) by extensions ['colcon_meta']
[1.152s] Level 1:colcon.colcon_core.package_identification:_identify(mujoco-3.2.0-old/sample) by extension 'colcon_meta'
[1.152s] Level 1:colcon.colcon_core.package_identification:_identify(mujoco-3.2.0-old/sample) by extensions ['ros']
[1.152s] Level 1:colcon.colcon_core.package_identification:_identify(mujoco-3.2.0-old/sample) by extension 'ros'
[1.152s] Level 1:colcon.colcon_core.package_identification:_identify(mujoco-3.2.0-old/sample) by extensions ['cmake', 'python']
[1.152s] Level 1:colcon.colcon_core.package_identification:_identify(mujoco-3.2.0-old/sample) by extension 'cmake'
[1.152s] Level 1:colcon.colcon_core.package_identification:_identify(mujoco-3.2.0-old/sample) by extension 'python'
[1.152s] Level 1:colcon.colcon_core.package_identification:_identify(mujoco-3.2.0-old/sample) by extensions ['python_setup_py']
[1.152s] Level 1:colcon.colcon_core.package_identification:_identify(mujoco-3.2.0-old/sample) by extension 'python_setup_py'
[1.152s] Level 1:colcon.colcon_core.package_identification:_identify(mujoco-3.2.0-old/sample/cmake) by extensions ['ignore', 'ignore_ament_install']
[1.152s] Level 1:colcon.colcon_core.package_identification:_identify(mujoco-3.2.0-old/sample/cmake) by extension 'ignore'
[1.152s] Level 1:colcon.colcon_core.package_identification:_identify(mujoco-3.2.0-old/sample/cmake) by extension 'ignore_ament_install'
[1.152s] Level 1:colcon.colcon_core.package_identification:_identify(mujoco-3.2.0-old/sample/cmake) by extensions ['colcon_pkg']
[1.152s] Level 1:colcon.colcon_core.package_identification:_identify(mujoco-3.2.0-old/sample/cmake) by extension 'colcon_pkg'
[1.152s] Level 1:colcon.colcon_core.package_identification:_identify(mujoco-3.2.0-old/sample/cmake) by extensions ['colcon_meta']
[1.152s] Level 1:colcon.colcon_core.package_identification:_identify(mujoco-3.2.0-old/sample/cmake) by extension 'colcon_meta'
[1.152s] Level 1:colcon.colcon_core.package_identification:_identify(mujoco-3.2.0-old/sample/cmake) by extensions ['ros']
[1.152s] Level 1:colcon.colcon_core.package_identification:_identify(mujoco-3.2.0-old/sample/cmake) by extension 'ros'
[1.152s] Level 1:colcon.colcon_core.package_identification:_identify(mujoco-3.2.0-old/sample/cmake) by extensions ['cmake', 'python']
[1.152s] Level 1:colcon.colcon_core.package_identification:_identify(mujoco-3.2.0-old/sample/cmake) by extension 'cmake'
[1.153s] Level 1:colcon.colcon_core.package_identification:_identify(mujoco-3.2.0-old/sample/cmake) by extension 'python'
[1.153s] Level 1:colcon.colcon_core.package_identification:_identify(mujoco-3.2.0-old/sample/cmake) by extensions ['python_setup_py']
[1.153s] Level 1:colcon.colcon_core.package_identification:_identify(mujoco-3.2.0-old/sample/cmake) by extension 'python_setup_py'
[1.153s] Level 1:colcon.colcon_core.package_identification:_identify(mujoco-3.2.0-old/simulate) by extensions ['ignore', 'ignore_ament_install']
[1.153s] Level 1:colcon.colcon_core.package_identification:_identify(mujoco-3.2.0-old/simulate) by extension 'ignore'
[1.153s] Level 1:colcon.colcon_core.package_identification:_identify(mujoco-3.2.0-old/simulate) by extension 'ignore_ament_install'
[1.153s] Level 1:colcon.colcon_core.package_identification:_identify(mujoco-3.2.0-old/simulate) by extensions ['colcon_pkg']
[1.153s] Level 1:colcon.colcon_core.package_identification:_identify(mujoco-3.2.0-old/simulate) by extension 'colcon_pkg'
[1.153s] Level 1:colcon.colcon_core.package_identification:_identify(mujoco-3.2.0-old/simulate) by extensions ['colcon_meta']
[1.153s] Level 1:colcon.colcon_core.package_identification:_identify(mujoco-3.2.0-old/simulate) by extension 'colcon_meta'
[1.153s] Level 1:colcon.colcon_core.package_identification:_identify(mujoco-3.2.0-old/simulate) by extensions ['ros']
[1.153s] Level 1:colcon.colcon_core.package_identification:_identify(mujoco-3.2.0-old/simulate) by extension 'ros'
[1.153s] Level 1:colcon.colcon_core.package_identification:_identify(mujoco-3.2.0-old/simulate) by extensions ['cmake', 'python']
[1.153s] Level 1:colcon.colcon_core.package_identification:_identify(mujoco-3.2.0-old/simulate) by extension 'cmake'
[1.153s] Level 1:colcon.colcon_core.package_identification:_identify(mujoco-3.2.0-old/simulate) by extension 'python'
[1.153s] Level 1:colcon.colcon_core.package_identification:_identify(mujoco-3.2.0-old/simulate) by extensions ['python_setup_py']
[1.153s] Level 1:colcon.colcon_core.package_identification:_identify(mujoco-3.2.0-old/simulate) by extension 'python_setup_py'
[1.153s] Level 1:colcon.colcon_core.package_identification:_identify(mujoco-3.2.0-old/simulate/cmake) by extensions ['ignore', 'ignore_ament_install']
[1.154s] Level 1:colcon.colcon_core.package_identification:_identify(mujoco-3.2.0-old/simulate/cmake) by extension 'ignore'
[1.154s] Level 1:colcon.colcon_core.package_identification:_identify(mujoco-3.2.0-old/simulate/cmake) by extension 'ignore_ament_install'
[1.154s] Level 1:colcon.colcon_core.package_identification:_identify(mujoco-3.2.0-old/simulate/cmake) by extensions ['colcon_pkg']
[1.154s] Level 1:colcon.colcon_core.package_identification:_identify(mujoco-3.2.0-old/simulate/cmake) by extension 'colcon_pkg'
[1.154s] Level 1:colcon.colcon_core.package_identification:_identify(mujoco-3.2.0-old/simulate/cmake) by extensions ['colcon_meta']
[1.154s] Level 1:colcon.colcon_core.package_identification:_identify(mujoco-3.2.0-old/simulate/cmake) by extension 'colcon_meta'
[1.154s] Level 1:colcon.colcon_core.package_identification:_identify(mujoco-3.2.0-old/simulate/cmake) by extensions ['ros']
[1.154s] Level 1:colcon.colcon_core.package_identification:_identify(mujoco-3.2.0-old/simulate/cmake) by extension 'ros'
[1.154s] Level 1:colcon.colcon_core.package_identification:_identify(mujoco-3.2.0-old/simulate/cmake) by extensions ['cmake', 'python']
[1.154s] Level 1:colcon.colcon_core.package_identification:_identify(mujoco-3.2.0-old/simulate/cmake) by extension 'cmake'
[1.154s] Level 1:colcon.colcon_core.package_identification:_identify(mujoco-3.2.0-old/simulate/cmake) by extension 'python'
[1.154s] Level 1:colcon.colcon_core.package_identification:_identify(mujoco-3.2.0-old/simulate/cmake) by extensions ['python_setup_py']
[1.154s] Level 1:colcon.colcon_core.package_identification:_identify(mujoco-3.2.0-old/simulate/cmake) by extension 'python_setup_py'
[1.154s] Level 1:colcon.colcon_core.package_identification:_identify(src) by extensions ['ignore', 'ignore_ament_install']
[1.154s] Level 1:colcon.colcon_core.package_identification:_identify(src) by extension 'ignore'
[1.154s] Level 1:colcon.colcon_core.package_identification:_identify(src) by extension 'ignore_ament_install'
[1.154s] Level 1:colcon.colcon_core.package_identification:_identify(src) by extensions ['colcon_pkg']
[1.154s] Level 1:colcon.colcon_core.package_identification:_identify(src) by extension 'colcon_pkg'
[1.154s] Level 1:colcon.colcon_core.package_identification:_identify(src) by extensions ['colcon_meta']
[1.155s] Level 1:colcon.colcon_core.package_identification:_identify(src) by extension 'colcon_meta'
[1.155s] Level 1:colcon.colcon_core.package_identification:_identify(src) by extensions ['ros']
[1.155s] Level 1:colcon.colcon_core.package_identification:_identify(src) by extension 'ros'
[1.155s] Level 1:colcon.colcon_core.package_identification:_identify(src) by extensions ['cmake', 'python']
[1.155s] Level 1:colcon.colcon_core.package_identification:_identify(src) by extension 'cmake'
[1.155s] Level 1:colcon.colcon_core.package_identification:_identify(src) by extension 'python'
[1.155s] Level 1:colcon.colcon_core.package_identification:_identify(src) by extensions ['python_setup_py']
[1.155s] Level 1:colcon.colcon_core.package_identification:_identify(src) by extension 'python_setup_py'
[1.155s] Level 1:colcon.colcon_core.package_identification:_identify(src/mujoco_ros2) by extensions ['ignore', 'ignore_ament_install']
[1.155s] Level 1:colcon.colcon_core.package_identification:_identify(src/mujoco_ros2) by extension 'ignore'
[1.155s] Level 1:colcon.colcon_core.package_identification:_identify(src/mujoco_ros2) by extension 'ignore_ament_install'
[1.155s] Level 1:colcon.colcon_core.package_identification:_identify(src/mujoco_ros2) by extensions ['colcon_pkg']
[1.155s] Level 1:colcon.colcon_core.package_identification:_identify(src/mujoco_ros2) by extension 'colcon_pkg'
[1.155s] Level 1:colcon.colcon_core.package_identification:_identify(src/mujoco_ros2) by extensions ['colcon_meta']
[1.155s] Level 1:colcon.colcon_core.package_identification:_identify(src/mujoco_ros2) by extension 'colcon_meta'
[1.155s] Level 1:colcon.colcon_core.package_identification:_identify(src/mujoco_ros2) by extensions ['ros']
[1.155s] Level 1:colcon.colcon_core.package_identification:_identify(src/mujoco_ros2) by extension 'ros'
[1.164s] DEBUG:colcon.colcon_core.package_identification:Package 'src/mujoco_ros2' with type 'ros.ament_cmake' and name 'mujoco_ros2'
[1.164s] Level 1:colcon.colcon_core.package_identification:_identify(src/ur_description) by extensions ['ignore', 'ignore_ament_install']
[1.165s] Level 1:colcon.colcon_core.package_identification:_identify(src/ur_description) by extension 'ignore'
[1.165s] Level 1:colcon.colcon_core.package_identification:_identify(src/ur_description) by extension 'ignore_ament_install'
[1.165s] Level 1:colcon.colcon_core.package_identification:_identify(src/ur_description) by extensions ['colcon_pkg']
[1.165s] Level 1:colcon.colcon_core.package_identification:_identify(src/ur_description) by extension 'colcon_pkg'
[1.165s] Level 1:colcon.colcon_core.package_identification:_identify(src/ur_description) by extensions ['colcon_meta']
[1.165s] Level 1:colcon.colcon_core.package_identification:_identify(src/ur_description) by extension 'colcon_meta'
[1.165s] Level 1:colcon.colcon_core.package_identification:_identify(src/ur_description) by extensions ['ros']
[1.165s] Level 1:colcon.colcon_core.package_identification:_identify(src/ur_description) by extension 'ros'
[1.168s] DEBUG:colcon.colcon_core.package_identification:Package 'src/ur_description' with type 'ros.ament_cmake' and name 'ur_description'
[1.168s] Level 1:colcon.colcon_core.package_identification:_identify(tests) by extensions ['ignore', 'ignore_ament_install']
[1.168s] Level 1:colcon.colcon_core.package_identification:_identify(tests) by extension 'ignore'
[1.168s] Level 1:colcon.colcon_core.package_identification:_identify(tests) by extension 'ignore_ament_install'
[1.168s] Level 1:colcon.colcon_core.package_identification:_identify(tests) by extensions ['colcon_pkg']
[1.168s] Level 1:colcon.colcon_core.package_identification:_identify(tests) by extension 'colcon_pkg'
[1.168s] Level 1:colcon.colcon_core.package_identification:_identify(tests) by extensions ['colcon_meta']
[1.168s] Level 1:colcon.colcon_core.package_identification:_identify(tests) by extension 'colcon_meta'
[1.169s] Level 1:colcon.colcon_core.package_identification:_identify(tests) by extensions ['ros']
[1.169s] Level 1:colcon.colcon_core.package_identification:_identify(tests) by extension 'ros'
[1.169s] Level 1:colcon.colcon_core.package_identification:_identify(tests) by extensions ['cmake', 'python']
[1.169s] Level 1:colcon.colcon_core.package_identification:_identify(tests) by extension 'cmake'
[1.169s] Level 1:colcon.colcon_core.package_identification:_identify(tests) by extension 'python'
[1.169s] Level 1:colcon.colcon_core.package_identification:_identify(tests) by extensions ['python_setup_py']
[1.169s] Level 1:colcon.colcon_core.package_identification:_identify(tests) by extension 'python_setup_py'
[1.169s] Level 1:colcon.colcon_core.package_discovery:discover_packages(recursive) using defaults
[1.169s] Level 1:colcon.colcon_core.package_discovery:discover_packages(ignore) discover
[1.169s] Level 1:colcon.colcon_core.package_discovery:discover_packages(ignore) using defaults
[1.169s] Level 1:colcon.colcon_core.package_discovery:discover_packages(path) discover
[1.169s] Level 1:colcon.colcon_core.package_discovery:discover_packages(path) using defaults
[1.273s] INFO:colcon.colcon_core.package_selection:Skipping not selected package 'ur_description' in 'src/ur_description'
[1.277s] Level 1:colcon.colcon_core.package_discovery:discover_packages(prefix_path) check parameters
[1.277s] Level 1:colcon.colcon_core.package_discovery:discover_packages(prefix_path) discover
[1.286s] DEBUG:colcon.colcon_installed_package_information.package_discovery:Found 272 installed packages in /opt/ros/humble
[1.289s] Level 1:colcon.colcon_core.package_discovery:discover_packages(prefix_path) using defaults
[1.337s] Level 5:colcon.colcon_core.verb:set package 'mujoco_ros2' build argument 'cmake_args' from command line to 'None'
[1.337s] Level 5:colcon.colcon_core.verb:set package 'mujoco_ros2' build argument 'cmake_target' from command line to 'None'
[1.337s] Level 5:colcon.colcon_core.verb:set package 'mujoco_ros2' build argument 'cmake_target_skip_unavailable' from command line to 'False'
[1.337s] Level 5:colcon.colcon_core.verb:set package 'mujoco_ros2' build argument 'cmake_clean_cache' from command line to 'False'
[1.337s] Level 5:colcon.colcon_core.verb:set package 'mujoco_ros2' build argument 'cmake_clean_first' from command line to 'False'
[1.337s] Level 5:colcon.colcon_core.verb:set package 'mujoco_ros2' build argument 'cmake_force_configure' from command line to 'False'
[1.337s] Level 5:colcon.colcon_core.verb:set package 'mujoco_ros2' build argument 'ament_cmake_args' from command line to 'None'
[1.337s] Level 5:colcon.colcon_core.verb:set package 'mujoco_ros2' build argument 'catkin_cmake_args' from command line to 'None'
[1.337s] Level 5:colcon.colcon_core.verb:set package 'mujoco_ros2' build argument 'catkin_skip_building_tests' from command line to 'False'
[1.337s] DEBUG:colcon.colcon_core.verb:Building package 'mujoco_ros2' with the following arguments: {'ament_cmake_args': None, 'build_base': '/home/ali/Desktop/Ali engineering/GUC/Semester 10/Robotics/Robotics_project/build/mujoco_ros2', 'catkin_cmake_args': None, 'catkin_skip_building_tests': False, 'cmake_args': None, 'cmake_clean_cache': False, 'cmake_clean_first': False, 'cmake_force_configure': False, 'cmake_target': None, 'cmake_target_skip_unavailable': False, 'install_base': '/home/ali/Desktop/Ali engineering/GUC/Semester 10/Robotics/Robotics_project/install/mujoco_ros2', 'merge_install': False, 'path': '/home/ali/Desktop/Ali engineering/GUC/Semester 10/Robotics/Robotics_project/src/mujoco_ros2', 'symlink_install': False, 'test_result_base': None}
[1.337s] INFO:colcon.colcon_core.executor:Executing jobs using 'parallel' executor
[1.338s] DEBUG:colcon.colcon_parallel_executor.executor.parallel:run_until_complete
[1.339s] INFO:colcon.colcon_ros.task.ament_cmake.build:Building ROS package in '/home/ali/Desktop/Ali engineering/GUC/Semester 10/Robotics/Robotics_project/src/mujoco_ros2' with build type 'ament_cmake'
[1.339s] INFO:colcon.colcon_cmake.task.cmake.build:Building CMake package in '/home/ali/Desktop/Ali engineering/GUC/Semester 10/Robotics/Robotics_project/src/mujoco_ros2'
[1.344s] INFO:colcon.colcon_core.plugin_system:Skipping extension 'colcon_core.shell.bat': Not used on non-Windows systems
[1.344s] INFO:colcon.colcon_core.shell:Skip shell extension 'powershell' for command environment: Not usable outside of PowerShell
[1.344s] DEBUG:colcon.colcon_core.shell:Skip shell extension 'dsv' for command environment
[1.357s] DEBUG:colcon.colcon_core.event_handler.log_command:Invoking command in '/home/ali/Desktop/Ali engineering/GUC/Semester 10/Robotics/Robotics_project/build/mujoco_ros2': CMAKE_PREFIX_PATH=/opt/ros/humble /usr/bin/cmake --build /home/ali/Desktop/Ali engineering/GUC/Semester 10/Robotics/Robotics_project/build/mujoco_ros2 -- -j12 -l12
[1.923s] DEBUG:colcon.colcon_core.event_handler.log_command:Invoked command in '/home/ali/Desktop/Ali engineering/GUC/Semester 10/Robotics/Robotics_project/build/mujoco_ros2' returned '0': CMAKE_PREFIX_PATH=/opt/ros/humble /usr/bin/cmake --build /home/ali/Desktop/Ali engineering/GUC/Semester 10/Robotics/Robotics_project/build/mujoco_ros2 -- -j12 -l12
[1.938s] DEBUG:colcon.colcon_core.event_handler.log_command:Invoking command in '/home/ali/Desktop/Ali engineering/GUC/Semester 10/Robotics/Robotics_project/build/mujoco_ros2': CMAKE_PREFIX_PATH=/opt/ros/humble /usr/bin/cmake --install /home/ali/Desktop/Ali engineering/GUC/Semester 10/Robotics/Robotics_project/build/mujoco_ros2
[2.020s] Level 1:colcon.colcon_core.environment:create_environment_scripts_only(mujoco_ros2)
[2.021s] DEBUG:colcon.colcon_core.event_handler.log_command:Invoked command in '/home/ali/Desktop/Ali engineering/GUC/Semester 10/Robotics/Robotics_project/build/mujoco_ros2' returned '0': CMAKE_PREFIX_PATH=/opt/ros/humble /usr/bin/cmake --install /home/ali/Desktop/Ali engineering/GUC/Semester 10/Robotics/Robotics_project/build/mujoco_ros2
[2.028s] Level 1:colcon.colcon_core.environment:checking '/home/ali/Desktop/Ali engineering/GUC/Semester 10/Robotics/Robotics_project/install/mujoco_ros2' for CMake module files
[2.028s] Level 1:colcon.colcon_core.environment:checking '/home/ali/Desktop/Ali engineering/GUC/Semester 10/Robotics/Robotics_project/install/mujoco_ros2' for CMake config files
[2.029s] Level 1:colcon.colcon_core.shell:create_environment_hook('mujoco_ros2', 'cmake_prefix_path')
[2.029s] INFO:colcon.colcon_core.shell:Creating environment hook '/home/ali/Desktop/Ali engineering/GUC/Semester 10/Robotics/Robotics_project/install/mujoco_ros2/share/mujoco_ros2/hook/cmake_prefix_path.ps1'
[2.031s] INFO:colcon.colcon_core.shell:Creating environment descriptor '/home/ali/Desktop/Ali engineering/GUC/Semester 10/Robotics/Robotics_project/install/mujoco_ros2/share/mujoco_ros2/hook/cmake_prefix_path.dsv'
[2.032s] INFO:colcon.colcon_core.shell:Creating environment hook '/home/ali/Desktop/Ali engineering/GUC/Semester 10/Robotics/Robotics_project/install/mujoco_ros2/share/mujoco_ros2/hook/cmake_prefix_path.sh'
[2.033s] Level 1:colcon.colcon_core.environment:checking '/home/ali/Desktop/Ali engineering/GUC/Semester 10/Robotics/Robotics_project/install/mujoco_ros2/lib'
[2.033s] Level 1:colcon.colcon_core.environment:checking '/home/ali/Desktop/Ali engineering/GUC/Semester 10/Robotics/Robotics_project/install/mujoco_ros2/bin'
[2.033s] Level 1:colcon.colcon_core.environment:checking '/home/ali/Desktop/Ali engineering/GUC/Semester 10/Robotics/Robotics_project/install/mujoco_ros2/lib/pkgconfig/mujoco_ros2.pc'
[2.034s] Level 1:colcon.colcon_core.environment:checking '/home/ali/Desktop/Ali engineering/GUC/Semester 10/Robotics/Robotics_project/install/mujoco_ros2/lib/python3.10/site-packages'
[2.034s] Level 1:colcon.colcon_core.environment:checking '/home/ali/Desktop/Ali engineering/GUC/Semester 10/Robotics/Robotics_project/install/mujoco_ros2/bin'
[2.034s] INFO:colcon.colcon_core.shell:Creating package script '/home/ali/Desktop/Ali engineering/GUC/Semester 10/Robotics/Robotics_project/install/mujoco_ros2/share/mujoco_ros2/package.ps1'
[2.035s] INFO:colcon.colcon_core.shell:Creating package descriptor '/home/ali/Desktop/Ali engineering/GUC/Semester 10/Robotics/Robotics_project/install/mujoco_ros2/share/mujoco_ros2/package.dsv'
[2.036s] INFO:colcon.colcon_core.shell:Creating package script '/home/ali/Desktop/Ali engineering/GUC/Semester 10/Robotics/Robotics_project/install/mujoco_ros2/share/mujoco_ros2/package.sh'
[2.037s] INFO:colcon.colcon_core.shell:Creating package script '/home/ali/Desktop/Ali engineering/GUC/Semester 10/Robotics/Robotics_project/install/mujoco_ros2/share/mujoco_ros2/package.bash'
[2.038s] INFO:colcon.colcon_core.shell:Creating package script '/home/ali/Desktop/Ali engineering/GUC/Semester 10/Robotics/Robotics_project/install/mujoco_ros2/share/mujoco_ros2/package.zsh'
[2.039s] Level 1:colcon.colcon_core.environment:create_file_with_runtime_dependencies(/home/ali/Desktop/Ali engineering/GUC/Semester 10/Robotics/Robotics_project/install/mujoco_ros2/share/colcon-core/packages/mujoco_ros2)
[2.039s] Level 1:colcon.colcon_core.environment:create_environment_scripts_only(mujoco_ros2)
[2.040s] Level 1:colcon.colcon_core.environment:checking '/home/ali/Desktop/Ali engineering/GUC/Semester 10/Robotics/Robotics_project/install/mujoco_ros2' for CMake module files
[2.040s] Level 1:colcon.colcon_core.environment:checking '/home/ali/Desktop/Ali engineering/GUC/Semester 10/Robotics/Robotics_project/install/mujoco_ros2' for CMake config files
[2.041s] Level 1:colcon.colcon_core.shell:create_environment_hook('mujoco_ros2', 'cmake_prefix_path')
[2.041s] INFO:colcon.colcon_core.shell:Creating environment hook '/home/ali/Desktop/Ali engineering/GUC/Semester 10/Robotics/Robotics_project/install/mujoco_ros2/share/mujoco_ros2/hook/cmake_prefix_path.ps1'
[2.041s] INFO:colcon.colcon_core.shell:Creating environment descriptor '/home/ali/Desktop/Ali engineering/GUC/Semester 10/Robotics/Robotics_project/install/mujoco_ros2/share/mujoco_ros2/hook/cmake_prefix_path.dsv'
[2.042s] INFO:colcon.colcon_core.shell:Creating environment hook '/home/ali/Desktop/Ali engineering/GUC/Semester 10/Robotics/Robotics_project/install/mujoco_ros2/share/mujoco_ros2/hook/cmake_prefix_path.sh'
[2.042s] Level 1:colcon.colcon_core.environment:checking '/home/ali/Desktop/Ali engineering/GUC/Semester 10/Robotics/Robotics_project/install/mujoco_ros2/lib'
[2.043s] Level 1:colcon.colcon_core.environment:checking '/home/ali/Desktop/Ali engineering/GUC/Semester 10/Robotics/Robotics_project/install/mujoco_ros2/bin'
[2.043s] Level 1:colcon.colcon_core.environment:checking '/home/ali/Desktop/Ali engineering/GUC/Semester 10/Robotics/Robotics_project/install/mujoco_ros2/lib/pkgconfig/mujoco_ros2.pc'
[2.043s] Level 1:colcon.colcon_core.environment:checking '/home/ali/Desktop/Ali engineering/GUC/Semester 10/Robotics/Robotics_project/install/mujoco_ros2/lib/python3.10/site-packages'
[2.043s] Level 1:colcon.colcon_core.environment:checking '/home/ali/Desktop/Ali engineering/GUC/Semester 10/Robotics/Robotics_project/install/mujoco_ros2/bin'
[2.044s] INFO:colcon.colcon_core.shell:Creating package script '/home/ali/Desktop/Ali engineering/GUC/Semester 10/Robotics/Robotics_project/install/mujoco_ros2/share/mujoco_ros2/package.ps1'
[2.044s] INFO:colcon.colcon_core.shell:Creating package descriptor '/home/ali/Desktop/Ali engineering/GUC/Semester 10/Robotics/Robotics_project/install/mujoco_ros2/share/mujoco_ros2/package.dsv'
[2.045s] INFO:colcon.colcon_core.shell:Creating package script '/home/ali/Desktop/Ali engineering/GUC/Semester 10/Robotics/Robotics_project/install/mujoco_ros2/share/mujoco_ros2/package.sh'
[2.045s] INFO:colcon.colcon_core.shell:Creating package script '/home/ali/Desktop/Ali engineering/GUC/Semester 10/Robotics/Robotics_project/install/mujoco_ros2/share/mujoco_ros2/package.bash'
[2.045s] INFO:colcon.colcon_core.shell:Creating package script '/home/ali/Desktop/Ali engineering/GUC/Semester 10/Robotics/Robotics_project/install/mujoco_ros2/share/mujoco_ros2/package.zsh'
[2.046s] Level 1:colcon.colcon_core.environment:create_file_with_runtime_dependencies(/home/ali/Desktop/Ali engineering/GUC/Semester 10/Robotics/Robotics_project/install/mujoco_ros2/share/colcon-core/packages/mujoco_ros2)
[2.046s] DEBUG:colcon.colcon_parallel_executor.executor.parallel:closing loop
[2.046s] DEBUG:colcon.colcon_parallel_executor.executor.parallel:loop closed
[2.047s] DEBUG:colcon.colcon_parallel_executor.executor.parallel:run_until_complete finished with '0'
[2.047s] DEBUG:colcon.colcon_core.event_reactor:joining thread
[2.064s] INFO:colcon.colcon_core.plugin_system:Skipping extension 'colcon_notification.desktop_notification.terminal_notifier': Not used on non-Darwin systems
[2.064s] INFO:colcon.colcon_core.plugin_system:Skipping extension 'colcon_notification.desktop_notification.win32': Not used on non-Windows systems
[2.064s] INFO:colcon.colcon_notification.desktop_notification:Sending desktop notification using 'notify2'
[2.098s] DEBUG:colcon.colcon_core.event_reactor:joined thread
[2.098s] INFO:colcon.colcon_core.shell:Creating prefix script '/home/ali/Desktop/Ali engineering/GUC/Semester 10/Robotics/Robotics_project/install/local_setup.ps1'
[2.100s] INFO:colcon.colcon_core.shell:Creating prefix util module '/home/ali/Desktop/Ali engineering/GUC/Semester 10/Robotics/Robotics_project/install/_local_setup_util_ps1.py'
[2.102s] INFO:colcon.colcon_core.shell:Creating prefix chain script '/home/ali/Desktop/Ali engineering/GUC/Semester 10/Robotics/Robotics_project/install/setup.ps1'
[2.103s] INFO:colcon.colcon_core.shell:Creating prefix script '/home/ali/Desktop/Ali engineering/GUC/Semester 10/Robotics/Robotics_project/install/local_setup.sh'
[2.105s] INFO:colcon.colcon_core.shell:Creating prefix util module '/home/ali/Desktop/Ali engineering/GUC/Semester 10/Robotics/Robotics_project/install/_local_setup_util_sh.py'
[2.106s] INFO:colcon.colcon_core.shell:Creating prefix chain script '/home/ali/Desktop/Ali engineering/GUC/Semester 10/Robotics/Robotics_project/install/setup.sh'
[2.109s] INFO:colcon.colcon_core.shell:Creating prefix script '/home/ali/Desktop/Ali engineering/GUC/Semester 10/Robotics/Robotics_project/install/local_setup.bash'
[2.110s] INFO:colcon.colcon_core.shell:Creating prefix chain script '/home/ali/Desktop/Ali engineering/GUC/Semester 10/Robotics/Robotics_project/install/setup.bash'
[2.112s] INFO:colcon.colcon_core.shell:Creating prefix script '/home/ali/Desktop/Ali engineering/GUC/Semester 10/Robotics/Robotics_project/install/local_setup.zsh'
[2.113s] INFO:colcon.colcon_core.shell:Creating prefix chain script '/home/ali/Desktop/Ali engineering/GUC/Semester 10/Robotics/Robotics_project/install/setup.zsh'
